Family	Genus	species	Genus_species	species_lsid	author	year	parentheses	distribution_WSC	Notes	Citation_WSC	Measured	Ecological_classification	Guild	Cave_deep	Cave_entr	SSH	External	Alien	Verticality	Pigment	Eyeless	Eyes_regression	Leg_elongation	Body_length_min_f	Body_length_max_f	Body_length_min_m	Body_length_max_m	Body_length_avg_f	Body_length_avg_m	Sexual_Size_Dimorphism	Body_length_avg	Prosoma_length_f	Prosoma_length_m	Prosoma_length_avg	Prosoma_width_f	Prosoma_width_m	Prosoma_width_avg	Prosoma_shape	Prosoma_height_f	Prosoma_height_m	Prosoma_height_avg	Profile_flattening	Femur_I_length_f	Femur_I_length_m	Femur_I_length_avg	Femur_elongation	Tibia_I_length_f	Tibia_I_length_m	Tibia_I_length_avg	Tibia_elongation 	Fang_length_f	Fang_length_m	Fang_length_avg	Clypeus_height_f	Clypeus_height_m	Clypeus_height_avg	AME	AME_type	ALE	PME	PLE	Eye_reduction_ratio	AME-ALE	PME-PLE	Capture_web	Sensing_web	No_web	Tube_web	Sheet_web	Space_web	Orb_web	Ambush_hunter	Active_hunter	Food_specialist	Dispersal
Linyphiidae	Troglohyphantes	microcymbium	Troglohyphantes microcymbium	urn:lsid:nmbe.ch:spidersp:038574	Pesarini	2001	0	Italy	-	Pesarini_2001b	yes	Troglobiont	Sheet	1	0	0	0	0	Soil + Wall	Depigmented	0	1	0	NA	2,79	NA	2,9	2,79	2,9	1,039	2,845	1,09	1,2	1,145	0,997	0,9	0,949	1,207	0,401	NA	NA	NA	1,64	1,9	1,77	0,622	1,69	2	1,845	0,649	NA	NA	NA	0,274	NA	0,274	0,003	Present	0,017	0,03	0,017	0,061	0,09	0,07	1	0	0	0	1	1	0	0	0	0	0
Linyphiidae	Troglohyphantes	pedemontanus	Troglohyphantes pedemontanus	urn:lsid:nmbe.ch:spidersp:013090	Gozo	1908	1	Italy	-	Gozo_1908/Brignoli_1719d/Isaia_et_al_2011	no	Troglobiont	Sheet	1	0	0	0	0	Soil + Wall	Depigmented	0	1	0	NA	2,95	NA	2,85	2,95	2,85	0,966	2,9	1,15	1,25	1,2	0,9	1	0,95	1,263	0,468	0,51	0,489	0,408	2,4	2,4	2,4	0,828	2,65	2,65	2,65	0,914	NA	NA	NA	0,201	0,294	0,248	0,01	Present	0,017	0,018	0,017	0,063	0,15	0,13	1	0	0	0	1	1	0	0	0	0	0
Linyphiidae	Troglohyphantes	ruffoi	Troglohyphantes ruffoi	urn:lsid:nmbe.ch:spidersp:013104	Caporiacco	1936	0	Italy	unspecified if Deep or Entrance, howewer in caves	Caporiacco_1936d/Thaler_1967/Brignoli_1971d/Thaler_1987a	yes	Troglophile	Sheet	1	1	0	1	0	Soil + Wall	Fully	0	0	0	2,5	3,6	2,3	3,2	3,05	2,75	0,902	2,9	1	1,17	1,085	0,9	0,99	0,945	1,148	0,305	0,48	0,393	0,362	1,95	1,9	1,925	0,664	1,9	2,25	2,075	0,716	NA	NA	NA	1,82	0,245	1,033	0,049	Present	0,059	0,081	0,083	0,066	0,049	0,049	1	0	0	0	1	1	0	0	0	0	1
Linyphiidae	Troglohyphantes	giachinoi	Troglohyphantes giachinoi	urn:lsid:nmbe.ch:spidersp:050596	Isaia & Mammola	2018	0	Italy	-	Isaia & Mammola_in_Mammola_et_al_2018	yes	Troglophile	Sheet	0	0	1	1	0	Soil	Partly	0	0	0	NA	NA	NA	2,72	NA	2,72	NA	2,72	0,87	1,34	1,105	0,67	0,93	0,8	1,381	0,381	0,475	0,428	0,387	1,31	1,88	1,595	0,586	1,53	1,94	1,735	0,638	NA	NA	NA	0,18	0,34	0,26	0,01	Present	0,02	0,02	0,03	0,077	0,03	0,02	1	0	0	0	1	1	0	0	0	0	1
Linyphiidae	Troglohyphantes	konradi	Troglohyphantes konradi	urn:lsid:nmbe.ch:spidersp:013067	Brignoli	1975	0	Italy	-	Brignoli_1975c	yes	Troglobiont	Sheet	1	0	0	0	0	Soil + Wall	Depigmented	0	1	0	NA	3,7	NA	3,25	3,7	3,25	0,878	3,475	1,75	1,55	1,65	1,37	1,3	1,335	1,236	0,483	0,498	0,491	0,297	2,87	2,95	2,91	0,837	3	3,15	3,075	0,885	NA	NA	NA	0,31	0,307	0,309	0,005	Present	0,009	0,09	0,018	0,099	0,149	0,141	1	0	0	0	1	1	0	0	0	0	0
Linyphiidae	Troglohyphantes	cyrnaeus	Troglohyphantes cyrnaeus	NA	Isaia	2022	0	Francia, Corsica	-	Marco Isaia Collection	yes	Troglobiont	Sheet	1	0	0	0	0	Soil + Wall	Depigmented	0	1	0	3,25	3,25	2,54	2,54	3,25	2,54	0,78	2,89	1,35	1,13	1,24	1,01	0,65	0,83	1,49	0,52	0,3	0,41	0,433	2,98	2,95	2,965	1,05	3,23	3,2	3,215	1,11	NA	NA	NA	0,206	0,257	0,232	0,02	Present	0,04	0,01	0,03	0,116	0,127	0,117	1	0	0	0	1	1	0	0	0	0	0
Linyphiidae	Troglohyphantes	delphinicus	Troglohyphantes delphinicus	NA	Isaia & Mammola	2022	0	Italy	-	Marco Isaia Collection	yes	Troglophile	Sheet	1	1	0	1	0	Soil + Wall	Depigmented	0	1	0	NA	2,93	NA	3,09	2,93	3,09	1,055	3,01	1,23	1,44	1,335	1,15	1,21	1,18	1,131	0,52	0,54	0,53	0,397	2,41	2,26	2,335	0,776	2,5	2,47	2,485	0,826	NA	NA	NA	0,22	0,4	0,31	0,02	Present	0,05	0,04	0,05	0,129	0,14	0,1	1	0	0	0	1	1	0	0	0	0	0
Linyphiidae	Troglohyphantes	orpheus	Troglohyphantes orpheus	urn:lsid:nmbe.ch:spidersp:013088	Simon	1884	1	France	unspecified if Deep or Entrance, howewer in caves	Simon_1884a/Fage_1919	no	Troglobiont	Sheet	1	1	0	0	0	Soil + Wall	Depigmented	0	1	0	3,33	4	NA	3,07	3,665	3,07	0,838	3,368	1,7	1,49	1,595	1,33	1,29	1,31	1,218	0,42	0,56	0,49	0,307	2,34	2,2	2,27	0,674	2,36	2,37	2,365	0,702	NA	NA	NA	0,358	0,381	0,37	0,041	Present	0,043	0,06	0,057	0,136	0,079	0,064	1	0	0	0	1	1	0	0	0	0	0
Linyphiidae	Troglohyphantes	lucifer	Troglohyphantes lucifer	urn:lsid:nmbe.ch:spidersp:049228	Isaia, Mammola & Pantini	2017	0	Italy	-	Isaia_Mammola&Pantini_in_Isaia_et_al_2017	yes	Troglophile	Sheet	0	1	1	1	0	Soil + Wall	Fully	0	0	0	3,48	3,7	NA	3,41	3,59	3,41	0,95	3,5	1,23	1,25	1,24	1	1,12	1,06	1,17	0,559	0,583	0,571	0,46	2,5	3,19	2,845	0,813	3,22	3,28	3,25	0,929	NA	NA	NA	0,236	0,59	0,413	0,04	Present	0,07	0,07	0,07	0,151	0,04	0,06	1	0	0	0	1	1	0	0	0	0	1
Linyphiidae	Troglohyphantes	bolognai	Troglohyphantes bolognai	urn:lsid:nmbe.ch:spidersp:013014	Brignoli	1975	0	Italy	-	Brignoli_1975c/Brignoli_1975o/Isaia&Pantini_2010	yes	Troglobiont	Sheet	1	1	0	0	0	Soil + Wall	Depigmented	0	1	0	2,87	2,87	2,73	2,73	2,87	2,73	0,951	2,8	1	1,35	1,175	0,95	1,2	1,075	1,093	0,394	0,567	0,481	0,409	2,07	2,15	2,11	0,754	2,07	2,19	2,13	0,761	NA	NA	NA	0,159	0,235	0,197	0,02	Present	0,038	0,03	0,046	0,17	0,092	0,092	1	0	0	0	1	1	0	0	0	0	0
Linyphiidae	Troglohyphantes	sordellii	Troglohyphantes sordellii	urn:lsid:nmbe.ch:spidersp:013115	Pavesi	1875	1	Italy, Switzerland	-	Pavesi_1875/Simon_1884a/Lessert_1906/Fage_1919/Brignoli_1971d/Pesarini_2001b	no	Troglophile	Sheet	1	1	0	1	0	Soil + Wall	Fully	0	1	0	3,2	4	NA	3	3,6	3	0,833	3,3	1,43	1,5	1,465	1,02	1,25	1,135	1,291	0,449	0,546	0,498	0,34	2,1	2,88	2,49	0,755	2,3	3,15	2,725	0,826	NA	NA	NA	0,3	0,319	0,31	0,044	Present	0,06	0,058	0,069	0,187	0,067	0,068	1	0	0	0	1	1	0	0	0	0	1
Linyphiidae	Troglohyphantes	thaleri	Troglohyphantes thaleri	urn:lsid:nmbe.ch:spidersp:013123	Miller & Polenec	1975	0	Austria, Slovenia	-	Miller & Polenec_1975b/Deeleman-Reinhold_1978b	no	Troglophile	Sheet	0	0	0	1	0	Soil + Wall	Depigmented	0	0	0	NA	2,9	NA	2,87	2,9	2,87	0,99	2,885	1,3	1,39	1,345	0,96	1,15	1,055	1,275	NA	NA	NA	NA	1,77	1,97	1,87	0,648	1,87	2,25	2,06	0,714	NA	NA	NA	0,23	0,32	0,275	0,04	Present	NA	0,058	0,058	0,188	NA	0,07	1	0	0	0	1	1	0	0	0	0	0
Linyphiidae	Troglohyphantes	vignai	Troglohyphantes vignai	urn:lsid:nmbe.ch:spidersp:013129	Brignoli	1971	0	Italy	-	Brignoli_1971d	yes	Troglophile	Sheet	1	1	0	0	0	Soil + Wall	Depigmented	0	1	0	NA	3,35	NA	3,05	3,35	3,05	0,91	3,2	1,45	1,35	1,4	1,2	1,1	1,15	1,217	0,51	0,57	0,54	0,386	2,5	2,3	2,4	0,75	2,5	2,35	2,425	0,758	NA	NA	NA	0,304	0,331	0,318	0,05	Present	0,06	0,07	0,07	0,197	0,099	0,101	1	0	0	0	1	1	0	0	0	0	0
Linyphiidae	Troglohyphantes	lanai	Troglohyphantes lanai	urn:lsid:nmbe.ch:spidersp:043629	Isaia & Pantini	2010	0	Italy	-	Isaia&Pantini_2010	no	Troglobiont	Sheet	1	0	0	0	0	Soil + Wall	Depigmented	0	1	1	NA	3,19	NA	2,93	3,19	2,93	0,918	3,06	1,53	1,38	1,455	1,33	1,23	1,28	1,137	0,521	0,533	0,527	0,362	2,9	2,87	2,885	0,943	3,13	3,13	3,13	1,023	NA	NA	NA	0,228	0,23	0,229	0,03	Present	0,061	0,046	0,046	0,2	0,11	1,1	1	0	0	0	1	1	0	0	0	0	0
Linyphiidae	Troglohyphantes	lucifuga	Troglohyphantes lucifuga	urn:lsid:nmbe.ch:spidersp:013075	Simon	1884	1	Italy, France, Switzerland	-	Fage_1919/Dresco_1959c/Pesarini_2011/Isaia_et_al_2017	no	Troglophile	Sheet	0	1	0	1	0	Soil + Wall	Fully	0	0	1	NA	4,5	3,49	3,8	4,5	3,645	0,81	4,073	1,77	1,58	1,675	1,38	1,22	1,3	1,288	0,635	0,718	0,677	0,404	3,3	3,27	3,285	0,807	3,36	3,33	3,345	0,821	NA	NA	NA	0,32	0,494	0,407	0,036	Present	0,104	0,096	0,089	0,2	0,057	0,064	1	0	0	0	1	1	0	0	0	0	1
Linyphiidae	Troglohyphantes	wiebesi	Troglohyphantes wiebesi	urn:lsid:nmbe.ch:spidersp:013130	Deeleman-Reinhold	1978	0	Croatia, Bosnia and Herzegovina	unspecified if Deep or Entrance, howewer in caves; Croatian Biospeleological Society collection: measured samples CBSSAR 390 male	Deeleman-Reinhold_1978b	yes	Troglobiont	Sheet	1	1	0	0	0	Soil + Wall	Partly	0	0	1	NA	2,41	2,3	2,789	2,41	2,3	0,954	2,355	1,34	1,3	1,32	1,06	1,2	1,13	1,168	NA	0,417	NA	NA	2,68	2,54	2,61	1,108	2,69	2,54	2,615	1,11	NA	0,361	NA	NA	0,326	0,326	0,057	Present	0,078	0,066	0,07	0,208	0,068	0,055	1	0	0	0	1	1	0	0	0	0	0
Linyphiidae	Troglohyphantes	brevipes	Troglohyphantes brevipes	urn:lsid:nmbe.ch:spidersp:013017	Deeleman-Reinhold	1978	0	Bosnia and Herzegovina	Croatian Biospeleological Society collection: mesured samples CBSSAR 5230 female	Deeleman-Reinhold_1978b	yes	Troglobiont	Sheet	1	0	0	0	0	Soil + Wall	Depigmented	0	1	0	2,98	3,02	NA	2,68	3	2,68	0,893	2,84	1,39	1,2	1,295	1,15	1,01	1,08	1,199	0,469	NA	NA	NA	1,92	1,58	1,75	0,616	1,92	1,68	1,8	0,634	0,334	NA	NA	0,227	NA	0,227	0,04	Present	NA	0,05	0,055	0,213	NA	0,05	1	0	0	0	1	1	0	0	0	0	0
Linyphiidae	Troglohyphantes	achillis	Troglohyphantes achillis	NA	Isaia & Mammola	2022	0	Italy	-	Marco Isaia Collection	yes	Troglophile	Sheet	1	1	0	0	0	Soil + Wall	Depigmented	0	0	0	NA	3,65	NA	3,08	3,65	3,08	0,844	3,365	1,38	1,07	1,225	1,05	0,96	1,005	1,219	0,53	0,62	0,575	0,469	2,46	2,63	2,545	0,756	2,52	2,81	2,665	0,792	NA	NA	NA	0,24	0,34	0,29	0,04	Present	0,06	0,07	0,08	0,216	0,04	0,07	1	0	0	0	1	1	0	0	0	0	0
Linyphiidae	Troglohyphantes	bornensis	Troglohyphantes bornensis	urn:lsid:nmbe.ch:spidersp:041394	Isaia & Pantini	2008	0	Italy	-	Isaia&Pantini_2008	yes	Troglobiont	Sheet	1	1	0	0	0	Soil + Wall	Depigmented	0	1	0	NA	3,33	NA	2,6	3,33	2,6	0,781	2,965	1,2	1,19	1,195	1,06	1,06	1,06	1,127	0,462	0,431	0,447	0,374	2,23	2,32	2,275	0,767	2,38	2,68	2,53	0,853	NA	NA	NA	0,178	0,179	0,179	0,022	Present	0,048	0,037	0,05	0,22	0,083	0,08	1	0	0	0	1	1	0	0	0	0	0
Linyphiidae	Troglohyphantes	brignolii	Troglohyphantes brignolii	urn:lsid:nmbe.ch:spidersp:013018	Deeleman-Reinhold	1978	0	Slovenia, Croatia	Croatian Biospeleological Society collection: measured samples CBSSAR 1318 female & 616 male	Deeleman-Reinhold_1978b	no	Troglobiont	Sheet	1	1	1	0	0	Soil + Wall	Partly	0	0	0	2,792	3,12	3,16	3,22	3,12	3,22	1,032	3,17	1,25	1,285	1,267	0,97	1,1	1,035	1,224	0,395	0,55	NA	NA	2,64	3,12	2,88	0,909	2,93	3,4	3,165	0,998	0,279	0,296	NA	0,22	0,319	0,27	0,045	Present	NA	0,073	0,07	0,232	NA	0,07	1	0	0	0	1	1	0	0	0	0	0
Linyphiidae	Troglohyphantes	nigraerosae	Troglohyphantes nigraerosae	urn:lsid:nmbe.ch:spidersp:013081	Brignoli	1971	0	Italy	-	Brignoli_1971f/Pesarini_1988c/Isaia_et_al_2011	no	Troglophile	Sheet	1	1	0	1	0	Soil + Wall	Depigmented	0	1	0	NA	3,62	NA	3	3,62	3	0,829	3,31	1,3	1,5	1,4	0,94	1,15	1,045	1,34	0,446	0,51	0,478	0,341	2,58	2,4	2,49	0,752	2,82	2,4	2,61	0,789	NA	NA	NA	0,144	0,214	0,179	0,023	Present	0,036	0,055	0,057	0,239	0,123	0,114	1	0	0	0	1	1	0	0	0	0	1
Linyphiidae	Troglohyphantes	wiehlei	Troglohyphantes wiehlei	urn:lsid:nmbe.ch:spidersp:013131	Miller & Polenec	1975	0	Austria, Slovenia, Croatia	small mammals burrows: MSS. unspecified if Deep or Entrance, howewer in caves ; Croatian Biospeleological Society collection: measured samples CBSSAR 780 male	Miller&Polenec_1975b/Deeleman-Reinhold_1978b/Thaler_1986b	no	Troglophile	Sheet	1	1	1	0	0	Soil + Wall	Depigmented	0	0	0	2	2,83	2,3	2,6	2,415	2,45	1,014	2,433	1,12	1,15	1,135	0,86	1,06	0,96	1,182	0,38	0,404	0,392	0,345	1,66	1,78	1,72	0,707	1,755	1,92	1,838	0,755	NA	0,266	NA	0,2	0,238	0,219	0,035	Present	NA	0,063	0,06	0,24	NA	0,035	1	0	0	0	1	1	0	0	0	0	0
Linyphiidae	Troglohyphantes	dominici	Troglohyphantes dominici	urn:lsid:nmbe.ch:spidersp:013041	Pesarini	1988	0	Italy	unspecified if Deep or Entrance, howewer in caves.	Pesarini_1988a	no	Troglophile	Sheet	1	1	0	0	0	Soil + Wall	Partly	0	0	0	NA	2,26	NA	2,25	2,26	2,25	0,996	2,255	1,16	1,18	1,17	0,87	0,96	0,915	1,279	0,367	0,393	0,38	0,325	1,6	1,62	1,61	0,714	1,62	1,74	1,68	0,745	NA	NA	NA	0,197	0,234	0,216	0,031	Present	0,06	0,057	0,073	0,256	0,049	0,053	1	0	0	0	1	1	0	0	0	0	0
Linyphiidae	Troglohyphantes	fagei	Troglohyphantes fagei	urn:lsid:nmbe.ch:spidersp:013046	Roewer	1931	0	Italy, Germany, Austria	-	Roewer_1931/Brignoli_1971d/Schenkel_1950a	yes	Troglophile	Sheet	1	1	0	1	0	Soil + Wall	Fully	0	0	0	2,6	3,24	2,45	2,8	2,92	2,625	0,899	2,773	1,1	1,15	1,125	0,9	1,05	0,975	1,154	NA	NA	NA	NA	2,25	2,45	2,35	0,848	2,5	2,8	2,65	0,956	NA	NA	NA	0,16	0,25	0,205	0,05	Present	0,07	0,05	0,04	0,256	NA	NA	1	0	0	0	1	1	0	0	0	0	1
Linyphiidae	Troglohyphantes	iulianae	Troglohyphantes iulianae	urn:lsid:nmbe.ch:spidersp:013062	Brignoli	1971	0	Italy	-	Brignoli_1971d/Gasparo_2001/Pesarini_2001b/Isaia&Pantini_2010	no	Troglophile	Sheet	1	1	1	1	0	Soil + Wall	Depigmented	0	0	0	NA	2,35	2,4	2,6	2,35	2,5	1,064	2,425	1,05	1,08	1,065	0,8	0,89	0,845	1,26	0,404	0,363	0,384	0,36	1,55	1,59	1,57	0,647	1,65	1,63	1,64	0,676	NA	NA	NA	0,186	0,18	0,183	0,03	Present	0,048	0,06	0,05	0,257	0,05	0,059	1	0	0	0	1	1	0	0	0	0	1
Linyphiidae	Troglohyphantes	apenninicus	Troglohyphantes apenninicus	urn:lsid:nmbe.ch:spidersp:049227	Isaia, Mammola & Pantini	2017	0	Italy	-	Isaia_et_al_2017	no	Troglophile	Sheet	0	0	1	1	0	Soil + Wall	Fully	0	0	0	NA	2,84	NA	3,27	2,84	3,27	1,151	3,055	1,31	1,37	1,34	1,06	1,1	1,08	1,241	NA	NA	NA	NA	2,69	2,88	2,785	0,912	2,97	3,13	3,05	0,998	NA	NA	NA	0,25	0,31	0,28	0,06	Present	0,1	0,07	0,07	0,268	0,04	0,06	1	0	0	0	1	1	0	0	0	0	1
Linyphiidae	Troglohyphantes	caligatus	Troglohyphantes caligatus	urn:lsid:nmbe.ch:spidersp:013021	Pesarini	1989	0	Italy, Switzerland	-	Pesarini_1989	no	Troglophile	Sheet	0	0	0	1	0	Soil + Wall	Fully	0	0	0	NA	2,38	NA	2,01	2,38	2,01	0,845	2,195	0,873	0,97	0,922	0,863	0,9	0,882	1,045	0,303	0,369	0,336	0,365	1,44	1,38	1,41	0,642	1,44	1,36	1,4	0,638	NA	NA	NA	0,213	0,201	0,207	0,033	Present	0,065	0,06	0,065	0,269	0,049	0,068	1	0	0	0	1	1	0	0	0	0	1
Linyphiidae	Troglohyphantes	croaticus	Troglohyphantes croaticus	urn:lsid:nmbe.ch:spidersp:013032	Chyzer	1894	1	Croatia	Croatian Biospeleological Society collection: mesured samples CBSSAR 2269 male & 2269 & 6678 females	Chyzer&Kulczyński_1894/Fage_1919/Deeleman-Reinhold, C. L. (1978b). Revision of the cave-dwelling and related spiders of the genus Troglohyphantes Joseph (Linyphiidae), with special reference to the Yugoslav species. Slovenska Akademija Znanosti in Umetnosti, Razred za Prirodoslovne Vede, Classis IV, Historia Naturalis (Prirod. Vede) 23: 1-220	no	Troglobiont	Sheet	1	1	0	0	0	Soil + Wall	Depigmented	0	1	0	2,5	2,878	2,342	2,88	2,7	2,88	1,067	2,79	0,993	1,221	1,107	0,828	1,1	0,964	1,148	0,348	0,419	0,384	0,347	2,16	2,74	2,45	0,878	2,4	3,1	2,75	0,986	0,243	0,244	NA	0,169	0,211	0,19	0,035	Present	0,058	0,058	0,058	0,274	0,06	0,048	1	0	0	0	1	1	0	0	0	0	0
Linyphiidae	Troglohyphantes	zanoni	Troglohyphantes zanoni	urn:lsid:nmbe.ch:spidersp:013132	Pesarini	1988	0	Italy	unspecified if Deep or Entrance, howewer in caves	Pesarini_1988a	yes	Troglophile	Sheet	1	1	0	1	0	Soil + Wall	Fully	0	1	0	NA	2,41	NA	2,5	2,41	2,5	1,037	2,455	1,08	1,19	1,135	0,83	0,93	0,88	1,29	0,323	0,455	0,389	0,343	1,48	1,6	1,54	0,627	1,56	1,74	1,65	0,672	NA	NA	NA	0,171	0,208	0,19	0,037	Present	0,053	0,055	0,067	0,279	0,056	0,051	1	0	0	0	1	1	0	0	0	0	0
Linyphiidae	Troglohyphantes	svilajensis	Troglohyphantes svilajensis	urn:lsid:nmbe.ch:spidersp:013119	Kratochvi­l	1948	1	Croatia, Bosnia and Herzegovina	Croatian Biospeleological Society collection: measured samples CBSSAR 2407 female & 2408 male	Kratochvíl_1948/Deeleman-Reinhold_1978b	no	Troglobiont	Sheet	1	0	0	0	0	Soil + Wall	Depigmented	0	0	0	2,9	4,2	2,95	3,36	3,15	3,03	0,962	3,09	1,42	1,515	1,468	1,155	1,25	1,203	1,22	0,526	0,448	NA	NA	2,865	2,805	2,835	0,917	3,005	3,01	3,008	0,973	0,333	0,322	NA	0,192	0,244	0,218	0,053	Present	NA	0,075	0,06	0,287	NA	0,06	1	0	0	0	1	1	0	0	0	0	0
Linyphiidae	Troglohyphantes	gestroi	Troglohyphantes gestroi	urn:lsid:nmbe.ch:spidersp:013052	Fage	1933	0	Italy	-	Fage_1933b/Brignoli_1971d	yes	Troglophile	Sheet	0	1	0	1	0	Soil + Wall	Depigmented	0	0	0	4,5	3,95	4	4,05	4,225	4,025	0,953	4,125	1,7	1,95	1,825	1,3	1,55	1,425	1,281	0,523	0,611	0,567	0,311	3	3,25	3,125	0,758	3,25	3,75	3,5	0,848	NA	NA	NA	0,278	0,297	0,288	0,057	Present	0,107	0,078	0,09	0,288	0,105	0,078	1	0	0	0	1	1	0	0	0	0	1
Linyphiidae	Troglohyphantes	schenkeli	Troglohyphantes schenkeli	urn:lsid:nmbe.ch:spidersp:013108	Miller	1937	1	Slovakia	-	Miller_1937 	no	Troglophile	Sheet	0	0	0	1	0	Soil + Wall	Partly	0	0	1	2	2,1	NA	NA	2,05	NA	NA	2,05	0,9	NA	0,9	0,72	NA	0,72	1,25	NA	NA	NA	NA	0,92	0,92	NA	NA	0,84	NA	0,84	0,41	NA	NA	NA	0,16	NA	0,16	0,044	Present	0,08	0,032	0,036	0,3	0,04	NA	1	0	0	0	1	1	0	0	0	0	0
Linyphiidae	Troglohyphantes	pretneri	Troglohyphantes pretneri	urn:lsid:nmbe.ch:spidersp:013096	Deeleman-Reinhold	1978	0	Montenegro, Albania	unspecified if Deep or Entrance, howewer in caves; Croatian Biospeleological Society collection: measured samples CBSSAR 3755 & 3757 males & 3753 & 3757 females	Deeleman-Reinhold_1978b	yes	Troglobiont	Sheet	1	1	0	0	0	Soil + Wall	Depigmented	0	1	1	2,965	3,347	2,714	2,87	NA	2,87	NA	2,87	1,269	1,2	1,235	1,07	1,2	1,2	1,029	0,402	0,445	NA	NA	2,278	2,78	NA	NA	2,808	2,93	2,869	1	0,316	0,325	NA	0,194	0,212	0,203	0,055	Present	0,071	0,06	0,07	0,315	0,067	0,085	1	0	0	0	1	1	0	0	0	0	0
Linyphiidae	Troglohyphantes	fatalis	Troglohyphantes fatalis	urn:lsid:nmbe.ch:spidersp:013048	Pesarini	1988	0	Italy	unspecified if Deep or Entrance, howewer in caves	Pesarini_1988c	yes	Troglobiont	Sheet	1	1	0	0	0	Soil + Wall	Depigmented	0	0	0	NA	2,89	NA	2,92	2,89	2,92	1,01	2,905	1,17	1,3	1,235	0,968	1,07	1,019	1,212	0,401	0,51	0,456	0,369	1,75	1,93	1,84	0,633	1,92	2,14	2,03	0,699	NA	NA	NA	0,216	0,228	0,222	0,049	Present	0,077	0,08	0,078	0,32	0,062	0,055	1	0	0	0	1	1	0	0	0	0	0
Linyphiidae	Troglohyphantes	dinaricus	Troglohyphantes dinaricus	urn:lsid:nmbe.ch:spidersp:013039	Kratochvi­l	1948	1	Croatia	unspecified if Deep or Entrance, howewer in caves; Croatian Biospeleological Society collection: measured samples CBSSAR 278 female & 280 male	Kratochvíl J (1948) Étude sur les araignées cavernicoles du genre Stygohyphantes gen. nov. Věstník Československé Zoologické Společnosti v Praze 12: 3-24	no	Troglobiont	Sheet	1	1	0	0	0	Soil + Wall	Depigmented	0	0	0	3,19	3,3	2,62	2,85	3,245	2,735	0,843	2,99	1,206	1,403	NA	1,08	1,237	NA	NA	0,461	0,557	NA	NA	2,55	2,4	2,475	0,828	2,67	2,51	2,59	0,866	0,275	0,335	NA	0,17	0,227	0,199	0,056	Present	0,072	0,066	0,067	0,329	0,074	0,057	1	0	0	0	1	1	0	0	0	0	0
Linyphiidae	Troglohyphantes	milleri	Troglohyphantes milleri	urn:lsid:nmbe.ch:spidersp:013078	Kratochvi­l	1948	1	Bosnia and Herzegovina	-	Kratochvíl, J. (1948). Étude sur les araignées cavernicoles du genre Stygohyphantes gen. nov. Věstník Československé Zoologické Společnosti v Praze 12: 3-24	no	Troglophile	Sheet	1	1	0	0	0	Soil + Wall	Depigmented	0	0	0	2,75	3,4	2,548	2,8	3,075	2,8	0,911	2,938	1,174	1,201	NA	1,012	1,069	NA	NA	0,438	0,356	NA	NA	2,05	2,38	2,215	0,754	2,05	2,45	2,25	0,766	0,264	0,29	NA	0,19	0,209	0,2	0,058	Present	0,067	0,075	0,066	0,332	0,068	0,059	1	0	0	0	1	1	0	0	0	0	0
Linyphiidae	Troglohyphantes	giromettai	Troglohyphantes giromettai	urn:lsid:nmbe.ch:spidersp:013053	Kulczynski	1914	1	Croatia	Croatian Biospeleological Society collection: measured samples CBSS AR 3188 female & 4039 male	Kulczyński_1914/Fage_1919/Kratochvíl_1934/Deeleman-Reinhold_1978b	no	Troglophile	Sheet	0	1	0	0	0	Soil + Wall	Variable	0	0	0	3,2	3,35	2,571	3	3,275	2,85	0,87	3,063	1,39	1,286	1,338	1,06	1,1	1,08	1,239	0,494	0,517	NA	NA	2,69	2,4	2,545	0,831	2,83	2,67	2,75	0,898	0,2835	0,332	NA	0,22	0,265	0,243	0,0245	Present	NA	0,06	0,075	0,34	NA	0,053	1	0	0	0	1	1	0	0	0	0	0
Linyphiidae	Troglohyphantes	kordunlikanus	Troglohyphantes kordunlikanus	urn:lsid:nmbe.ch:spidersp:013068	Deeleman-Reinhold	1978	0	Croatia, Bosnia and Herzegovina	small mammals burrows: MSS	Deeleman-Reinhold_1978b	no	Troglophile	Sheet	0	1	1	1	0	Soil + Wall	Variable	0	0	0	2,584	2,4	2,484	2,45	2,4	2,45	1,021	2,425	1,1	1,181	1,14	0,89	1,1	0,995	1,146	0,379	0,411	0,395	0,346	1,78	1,92	1,85	0,763	2,11	2,02	2,065	0,852	0,273	0,262	NA	0,181	0,178	0,18	0,04	Present	0,087	0,058	0,06	0,341	0,052	0,048	1	0	0	0	1	1	0	0	0	0	1
Linyphiidae	Troglohyphantes	poleneci	Troglohyphantes poleneci	urn:lsid:nmbe.ch:spidersp:013094	Wiehle	1964	0	Italy, Slovenia	small mammals burrows: MSS	Wiehle, H. (1964b). Spinnen aus Slovenien, II. Senckenbergiana Biologica 45: 641-652. download pdf;Miller&Polenec_1975b; Deeleman-Reinhold C L (1978b) Revision of the cave-dwelling and related spiders of the genus Troglohyphantes Joseph (Linyphiidae), with special reference to the yugoslav species. Slovenska Akademija Znanosti in Umetnosti, Razred za Prirodoslovne Vede, Classis IV, Historia Naturalis (Prirod. Vede) 23: 1-220	no	Troglophile	Sheet	0	0	1	1	0	Soil + Wall	Partly	0	0	0	NA	2,3	2,16	2,45	2,3	2,305	1,002	2,303	0,91	1,13	1,02	0,77	0,975	0,873	1,169	NA	NA	NA	NA	1,73	1,82	1,775	0,771	1,73	1,92	1,825	0,793	NA	NA	NA	0,18	0,23	0,205	0,045	Present	NA	0,08	0,088	0,346	NA	0,055	1	0	0	0	1	1	0	0	0	0	0
Linyphiidae	Troglohyphantes	excavatus	Troglohyphantes excavatus	urn:lsid:nmbe.ch:spidersp:013044	Fage	1919	0	Italy, Austria, Slovenia, Croatia	Croatian Biospeleological Society collection: measured samples CBSSAR6732 male & female	Fage, L. (1919). Biospelogica XL. Etudes sur les araignées cavernicoles. III. Sur le genre Troglohyphantes. Archives de Zoologie Expérimentale et Générale 58: 55-148, pl. 2-8. ; Caporiacco, L. di (1938d). Aracnidi cavernicoli e lucifugi di Postumia. Le Grotte d'Italia, Trieste (2a) 2: 36-41.; Deeleman-Reinhold, C. L. (1978b). Revision of the cave-dwelling and related spiders of the genus Troglohyphantes Joseph (Linyphiidae), with special reference to the Yugoslav species. Slovenska Akademija Znanosti in Umetnosti, Razred za Prirodoslovne Vede, Classis IV, Historia Naturalis (Prirod. Vede) 23: 1-220.	no	Troglophile	Sheet	1	1	1	1	0	Soil + Wall	Variable	0	0	0	2,8	3	2,724	2,3	2,9	2,3	0,793	2,6	0,96	1	0,98	0,77	0,97	0,87	1,126	0,397	0,35	0,374	0,381	2,105	2,3	2,203	0,847	2,255	2,69	2,473	0,951	0,267	0,237	NA	0,186	0,173	0,18	0,04	Present	0,068	0,07	0,073	0,349	0,048	0,03	1	0	0	0	1	1	0	0	0	0	1
Linyphiidae	Troglohyphantes	dalmaticus	Troglohyphantes dalmaticus	urn:lsid:nmbe.ch:spidersp:013034	Kulczynski	1914	1	Croatia	Misure occhi in latino 1914(poco chiare); Croatian Biospeleological Society collection: North Macedonia is wrong locality; measured samples CBSSAR 2225 female	Kulczyński W (1914) Aranearum species novae minusve cognitae, in montibus Kras dictis a Dre C. Absolon aliisque collectae. Bulletin International de l'Academie des Sciences de Cracovie 1914: 353-387; Fage, L. (1919). Biospelogica XL. Etudes sur les araignées cavernicoles. III. Sur le genre Troglohyphantes. Archives de Zoologie Expérimentale et Générale 58: 55-148, pl. 2-8.; 	no	Troglophile	Sheet	0	1	0	0	0	Soil + Wall	Partly	0	0	0	3,915	3,9	NA	NA	3,9	NA	NA	3,9	1,3	NA	NA	1,13	NA	1,13	NA	0,364	NA	NA	NA	2,69	NA	2,69	0,69	2,72	NA	2,72	0,697	0,282	NA	NA	0,215	NA	0,215	0,06	Present	0,083	0,074	0,086	0,353	0,058	0,055	1	0	0	0	1	1	0	0	0	0	0
Linyphiidae	Troglohyphantes	sketi	Troglohyphantes sketi	urn:lsid:nmbe.ch:spidersp:013113	Deeleman-Reinhold	1978	0	Slovenia, Croatia	unspecified if Deep or Entrance, howewer in caves;  Croatian Biospeleological Society collection: measured samples CBSSAR 2230 female	Deeleman-Reinhold_1978b	no	Troglophile	Sheet	1	1	0	0	0	Soil + Wall	Depigmented	0	0	0	NA	2,78	NA	2,88	2,78	2,88	1,036	2,83	1,15	1,34	1,245	0,95	1,15	1,05	1,186	0,38	0,38	0,38	0,305	1,97	2,06	2,015	0,712	2,21	2,3	2,255	0,797	0,249	NA	NA	0,145	NA	0,145	0,035	Present	0,07	0,053	0,05	0,358	0,047	0,058	1	0	0	0	1	1	0	0	0	0	0
Linyphiidae	Troglohyphantes	troglodytes	Troglohyphantes troglodytes	urn:lsid:nmbe.ch:spidersp:013126	Kulczynski	1914	1	Croatia, Bosnia and Herzegovina, Montenegro	Measured samples CBSS AR 3455 female & 6130 male	Kulczyński_1914/Fage_1919/Deeleman-Reinhold_1978b	no	Troglophile	Sheet	0	1	0	1	0	Soil + Wall	Variable	0	0	1	2,45	2,85	2,671	2,4	2,65	2,4	0,906	2,525	1,075	1,195	1,135	0,905	1,025	0,965	1,176	0,384	0,409	NA	NA	2,655	2,88	2,768	1,096	2,735	3,1	2,918	1,155	0,238	0,282	NA	0,176	0,186	0,181	0,055	Present	0,08	0,083	0,078	0,408	0,03	0,033	1	0	0	0	1	1	0	0	0	0	0
Linyphiidae	Troglohyphantes	dekkingae	Troglohyphantes dekkingae	urn:lsid:nmbe.ch:spidersp:013036	Deeleman-Reinhold	1978	0	Bosnia and Herzegovina	Croatian Biospeleological Society collection: measured samples CBSSAR 5216 & 5198 females	Deeleman-Reinhold_1978b	no	Troglophile	Sheet	1	1	0	0	0	Soil + Wall	Variable	0	0	0	2,972	3,17	2,7	2,9	3,17	2,7	0,852	2,935	1,445	1,325	1,385	1,15	1,15	1,15	1,204	0,337	NA	NA	NA	2,64	2,64	2,64	0,899	2,74	2,65	2,695	0,918	0,261	NA	NA	0,158	NA	0,158	0,055	Present	0,082	0,07	0,07	0,438	0,056	0,04	1	0	0	0	1	1	0	0	0	0	0
Linyphiidae	Troglohyphantes	boudewijni	Troglohyphantes boudewijni	urn:lsid:nmbe.ch:spidersp:013016	Deeleman-Reinhold	1974	0	Montenegro	-	Deeleman-Reinhold, C. L. (1978b). Revision of the cave-dwelling and related spiders of the genus Troglohyphantes Joseph (Linyphiidae), with special reference to the Yugoslav species. Slovenska Akademija Znanosti in Umetnosti, Razred za Prirodoslovne Vede, Classis IV, Historia Naturalis (Prirod. Vede) 23: 1-220.	yes	Troglophile	Sheet	1	1	0	0	0	Soil + Wall	Variable	0	0	1	NA	2,59	NA	2,4	2,59	2,4	0,927	2,495	1,05	1,1	1,075	0,96	0,91	0,935	1,15	0,373	0,351	NA	NA	2,64	2,5	2,57	1,03	2,74	2,74	2,74	1,098	0,285	0,299	NA	0,109	0,15	0,13	0,035	Present	NA	0,073	0,07	0,457	NA	0,045	1	0	0	0	1	1	0	0	0	0	0
Linyphiidae	Troglohyphantes	hadzii	Troglohyphantes hadzii	urn:lsid:nmbe.ch:spidersp:013057	Kratochvi­l	1934	0	Bosnia and Herzegovina	Croatian Biospeleological Society collection: measured samples CBSSAR 540 female & 545 male	Kratochvíl_1934/Deeleman-Reinhold_1978b	no	Troglophile	Sheet	0	1	0	0	0	Soil + Wall	Variable	0	0	1	2,6	3,06	1,45	2,8	2,83	2,125	0,751	2,478	1,225	1,03	1,128	0,96	0,91	0,935	1,206	0,345	0,321	NA	NA	2,89	2,64	2,765	1,116	3,2	2,78	2,99	1,207	0,261	0,244	NA	0,111	0,125	0,118	0,053	Present	NA	0,075	0,073	0,565	NA	0,05	1	0	0	0	1	1	0	0	0	0	0
Linyphiidae	Troglohyphantes	pluto	Troglohyphantes pluto	urn:lsid:nmbe.ch:spidersp:013093	Caporiacco	1938	0	Italy	-	Caporiacco_1938e/Brignoli_1971d/Brignoli_1975c/Pesarini_2001b/Isaia_et_al_2017	no	Troglophile	Sheet	1	1	0	0	0	Soil + Wall	Partly	0	0	0	4	4,2	NA	3,38	4,1	3,38	0,824	3,74	1,6	1,35	1,475	1,4	1,15	1,275	1,157	0,656	0,568	0,612	0,415	3,25	3,14	3,195	0,854	3,35	3,32	3,335	0,892	NA	NA	NA	0,308	0,28	0,294	0,042	Present	0,078	0,067	0,075	0,42	0,59	0,57	1	0	0	0	1	1	0	0	0	0	0
Linyphiidae	Troglohyphantes	exul	Troglohyphantes exul	urn:lsid:nmbe.ch:spidersp:013045	Thaler	1987	0	Italy	unspecified if Deep or Entrance, howewer in caves	Thaler_1987a/ Pesarini_1988c	no	Troglobiont	Sheet	1	1	0	0	0	Soil + Wall	Depigmented	0	1	0	NA	3	NA	2,9	3	2,9	0,967	2,95	1,29	1,29	1,29	0,98	1,13	1,055	1,223	NA	NA	NA	NA	2,42	2,49	2,455	0,832	NA	NA	NA	NA	NA	NA	NA	NA	NA	NA	0	Absent_Adaptation	0,04	0,04	0,04	NA	NA	NA	1	0	0	0	1	1	0	0	0	0	0
Linyphiidae	Troglohyphantes	typhlonetiformis	Troglohyphantes typhlonetiformis	urn:lsid:nmbe.ch:spidersp:013127	Absolon & Kratochvi­l	1932	0	Austria, Slovenia	unspecified if Deep or Entrance, howewer in caves	Absolon & Kratochvíl_1932/Deeleman-Reinhold_1978b/Thaler K (1999) Troglophantes typhlonetiformis Absolon et Kratochvil - neu für Österreich (Arachnida: Araneae: Linyphiidae). Carinthia II 189/109: 467-469	no	Troglobiont	Sheet	1	1	0	0	0	Soil + Wall	Depigmented	0	1	0	NA	2,64	2,1	2,1	2,64	2,1	0,795	2,37	1,06	1,005	1,033	0,835	0,91	0,873	1,183	0,29	0,34	0,315	0,305	2,16	2	2,08	0,878	2,16	2,35	2,255	0,951	NA	NA	NA	NA	NA	NA	0,01	Present	NA	0,013	0,016	NA	NA	0,07	1	0	0	0	1	1	0	0	0	0	0
Linyphiidae	Troglohyphantes	polyophthalmus	Troglohyphantes polyophthalmus	urn:lsid:nmbe.ch:spidersp:013095	Joseph	1881	0	Slovenia	-	Simon_1894a/Fage_1919/Deeleman-Reinhold_1978b	yes	Troglobiont	Sheet	1	1	0	0	0	Soil + Wall	Depigmented	0	1	0	3	3,65	NA	3,36	3,575	3,36	0,94	3,468	1,64	1,63	1,635	1,3	1,34	1,32	1,239	0,62	0,72	0,67	0,41	2,515	2,83	2,673	0,771	2,7	3,02	2,86	0,825	NA	NA	NA	NA	NA	NA	0,013	Present	NA	0,023	0,03	NA	NA	0,083	1	0	0	0	1	1	0	0	0	0	0
Linyphiidae	Troglohyphantes	jeanneli	Troglohyphantes jeanneli	urn:lsid:nmbe.ch:spidersp:013064	Dumitrescu & Georgescu	1970	0	Romania	unspecified if Deep or Entrance, howewer in caves	 Dumitrescu & Georgescu_1970	no	Troglobiont	Sheet	1	1	0	0	0	Soil + Wall	Depigmented	0	1	0	NA	1,75	NA	1,75	1,75	1,75	1	1,75	0,75	0,75	0,75	0,68	0,68	0,68	1,103	NA	NA	NA	NA	1,35	1,35	1,35	0,771	1,5	1,5	1,5	0,857	NA	NA	NA	NA	NA	NA	0,017	Present	0,033	0,028	0,033	NA	0,042	0,042	1	0	0	0	1	1	0	0	0	0	0
Linyphiidae	Troglohyphantes	racovitzai	Troglohyphantes racovitzai	urn:lsid:nmbe.ch:spidersp:013100	Dumitrescu & Georgescu	1970	0	Romania	unspecified if Deep or Entrance, howewer in caves	Dumitrescu&Georgescu_1970	no	Troglobiont	Sheet	1	1	0	0	0	Soil + Wall	Depigmented	0	0	1	NA	2,5	NA	NA	2,5	2,5	1	2,5	0,95	NA	0,95	0,75	NA	0,75	1,267	NA	NA	NA	NA	1,325	1,325	NA	NA	1,5	NA	1,5	0,6	NA	NA	NA	NA	NA	NA	0,02	Present	0,05	0,05	0,05	NA	0,07	0,07	1	0	0	0	1	1	0	0	0	0	0
Linyphiidae	Troglohyphantes	herculanus	Troglohyphantes herculanus	urn:lsid:nmbe.ch:spidersp:013060	Kulczynski	1894	1	Romania	unspecified if Deep or Entrance, howewer in caves	Dumitrescu_&_Georgescu_1970/Fage_1931	yes	Troglobiont	Sheet	1	1	0	0	0	Soil + Wall	Depigmented	0	0	0	2,6	3	NA	2,5	2,8	2,5	0,893	2,65	1,125	NA	1,125	0,925	NA	0,92	1,223	NA	NA	NA	NA	1,625	NA	1,62	0,611	1,625	NA	1,625	0,613	NA	NA	NA	NA	NA	NA	0,025	Present	0,05	0,05	0,05	NA	0,05	0,075	1	0	0	0	1	1	0	0	0	0	0
Linyphiidae	Troglohyphantes	jamatus	Troglohyphantes jamatus	urn:lsid:nmbe.ch:spidersp:013063	Roewer	1931	0	Slovenia	unspecified if Deep or Entrance, howewer in caves	Roewer_1931/Kratochvíl_1934/Deeleman-Reinhold_1978b	no	Troglobiont	Sheet	1	1	0	0	0	Soil + Wall	Depigmented	0	1	0	2,8	3,6	NA	3	3,2	3	0,938	3,1	1,54	1,68	1,61	1,15	1,39	1,27	1,268	0,58	0,64	0,61	0,379	2,88	2,64	2,76	0,89	3,07	2,87	2,97	0,958	NA	NA	NA	NA	NA	NA	0,03	Present	NA	0,035	0,04	NA	NA	0,1	1	0	0	0	1	1	0	0	0	0	0
Linyphiidae	Troglohyphantes	kratochvili	Troglohyphantes kratochvili	urn:lsid:nmbe.ch:spidersp:013069	Drensky	1935	0	North Macedonia	unspecified if Deep or Entrance, howewer in caves	Deeleman-Reinhold_1978b	yes	Troglobiont	Sheet	1	1	0	0	0	Soil + Wall	Depigmented	0	1	0	3,5	3,6	NA	3,36	3,55	3,36	0,946	3,455	1,44	1,58	1,51	1,11	1,15	1,13	1,336	0,45	0,62	0,535	0,354	2,4	2,3	2,35	0,68	2,59	2,4	2,495	0,722	NA	NA	NA	NA	NA	NA	0,03	Present	NA	0,035	0,04	NA	NA	0,08	1	0	0	0	1	1	0	0	0	0	0
Linyphiidae	Troglohyphantes	draconis	Troglohyphantes draconis	urn:lsid:nmbe.ch:spidersp:013042	Deeleman-Reinhold	1978	0	North Macedonia, Albania	-	Deeleman-Reinhold C L (1978b) Revision of the cave-dwelling and related spiders of the genus Troglohyphantes Joseph (Linyphiidae), with special reference to the yugoslav species. Slovenska Akademija Znanosti in Umetnosti, Razred za Prirodoslovne Vede, Classis IV, Historia Naturalis (Prirod. Vede) 23: 1-220; Deltshev, C., Vrenosi, B., Blagoev, G., & Lazarov, S. (2011). Spiders of Albania – Faunistic and Zoogeographical Review (Arachnida: Araneae). Acta Zoologica Bulgarica, 63(2), 125–144.	no	Troglobiont	Sheet	1	1	0	0	0	Soil + Wall	Depigmented	0	1	0	NA	3,45	NA	3,12	3,45	3,12	0,904	3,285	1,3	1,44	1,37	1,06	1,15	1,105	1,24	0,37	0,48	0,425	0,31	1,87	2,06	1,965	0,598	1,92	2,16	2,04	0,621	NA	NA	NA	NA	NA	NA	0,033	Present	NA	0,043	0,05	NA	NA	0,08	1	0	0	0	1	1	0	0	0	0	0
Linyphiidae	Troglohyphantes	karawankorum	Troglohyphantes karawankorum	urn:lsid:nmbe.ch:spidersp:013066	Deeleman-Reinhold	1978	0	Austria, Slovenia	-	Deeleman-Reinhold C L (1978b) Revision of the cave-dwelling and related spiders of the genus Troglohyphantes Joseph (Linyphiidae), with special reference to the yugoslav species. Slovenska Akademija Znanosti in Umetnosti, Razred za Prirodoslovne Vede, Classis IV, Historia Naturalis (Prirod. Vede) 23: 1-220; Thaler K (1986b) Über einige Funde von Troglohyphantes-Arten in Kärnten (Österreich) (Arachnida, Aranei: Linyphiidae). Carinthia II 176/96: 287-302 pdf	no	Troglophile	Sheet	1	1	0	0	0	Soil + Wall	Depigmented	0	1	1	2,3	3,45	2,5	2,9	2,875	2,7	0,939	2,788	1,265	1,28	1,273	1,02	1,045	1,033	1,232	0,48	0,67	0,575	0,452	2,55	2,54	2,545	0,913	3,07	3,12	3,095	1,11	NA	NA	NA	NA	NA	NA	0,035	Present	NA	0,053	0,045	NA	NA	0,07	1	0	0	0	1	1	0	0	0	0	1
Linyphiidae	Troglohyphantes	scientificus	Troglohyphantes scientificus	urn:lsid:nmbe.ch:spidersp:013110	Deeleman-Reinhold	1978	0	Italy, Slovenia	-	Deeleman-Reinhold_1978b	no	Troglobiont	Sheet	1	0	0	0	0	Soil + Wall	Depigmented	0	1	0	NA	4,03	NA	3,6	4,03	3,6	0,893	3,815	1,68	1,58	1,63	1,34	1,28	1,31	1,244	0,62	0,67	0,645	0,396	3,36	3,36	3,36	0,881	3,79	3,6	3,695	0,969	NA	NA	NA	NA	NA	NA	0,035	Present	NA	0,038	0,05	NA	NA	0,13	1	0	0	0	1	1	0	0	0	0	0
Linyphiidae	Troglohyphantes	confusus	Troglohyphantes confusus	urn:lsid:nmbe.ch:spidersp:013030	Kratochvi­l	1939	0	Slovenia	small mammals burrows: MSS.	Deeleman-Reinhold, C. L. (1978b). Revision of the cave-dwelling and related spiders of the genus Troglohyphantes Joseph (Linyphiidae), with special reference to the Yugoslav species. Slovenska Akademija Znanosti in Umetnosti, Razred za Prirodoslovne Vede, Classis IV, Historia Naturalis (Prirod. Vede) 23: 1-220.; Kratochvíl, J. (1939). À propos des deux araignées cavernicoles de Yougoslavie. Věstník Československé Zoologické Společnosti v Praze 6-7: 279-289.; Polenec, A. (1977). Beitrag zur Kenntnis der Spinnenfauna des Berglandes von Skofja Loka. Loški Razgledi 24: 164-172.	yes	Troglophile	Sheet	0	1	1	1	0	Soil + Wall	Fully	0	0	0	NA	2,85	2,15	2,45	2,85	2,3	0,807	2,575	1,1	1,06	1,08	0,96	0,96	0,96	1,125	0,43	0,43	0,43	0,398	1,58	1,63	1,605	0,623	1,65	1,82	1,735	0,674	NA	NA	NA	NA	NA	NA	0,04	Present	NA	0,07	0,06	NA	NA	0,035	1	0	0	0	1	1	0	0	0	0	0
Linyphiidae	Troglohyphantes	cruentus	Troglohyphantes cruentus	urn:lsid:nmbe.ch:spidersp:013033	Brignoli	1971	0	Slovenia	-	Brignoli, P. M. (1971c). Contributo alla conoscenza dei ragni cavernicoli della Jugoslavia. Fragmenta Entomologica 7: 103-119.; Deeleman-Reinhold, C. L. (1978b). Revision of the cave-dwelling and related spiders of the genus Troglohyphantes Joseph (Linyphiidae), with special reference to the Yugoslav species. Slovenska Akademija Znanosti in Umetnosti, Razred za Prirodoslovne Vede, Classis IV, Historia Naturalis (Prirod. Vede) 23: 1-220.	yes	Troglophile	Sheet	0	0	0	1	0	Soil + Wall	Fully	0	0	0	NA	NA	2,51	2,65	NA	2,65	NA	2,65	NA	1,105	1,105	NA	1,02	1,06	1,042	NA	0,48	NA	NA	NA	1,73	1,73	0,653	NA	1,8	1,8	0,679	NA	NA	NA	NA	NA	NA	0,045	Present	NA	0,07	0,055	NA	NA	0,04	1	0	0	0	1	1	0	0	0	0	0
Linyphiidae	Troglohyphantes	inermis	Troglohyphantes inermis	urn:lsid:nmbe.ch:spidersp:013061	Deeleman-Reinhold	1978	0	North Macedonia	-	Deeleman-Reinhold_1978b	no	Troglobiont	Sheet	1	0	0	0	0	Soil + Wall	Partly	0	0	0	NA	3,12	NA	2,64	3,12	2,64	0,846	2,88	1,32	1,08	1,2	0,98	0,91	0,945	1,27	0,38	0,34	0,36	0,3	2,88	2,64	2,76	0,958	3,02	2,88	2,95	1,024	NA	NA	NA	NA	NA	NA	0,045	Present	NA	0,068	0,058	NA	NA	0,045	1	0	0	0	1	1	0	0	0	0	0
Linyphiidae	Troglohyphantes	sbordonii	Troglohyphantes sbordonii	urn:lsid:nmbe.ch:spidersp:013107	Brignoli	1975	0	Austria, Italy, Slovenia	unspecified if Deep or Entrance, howewer in caves	Brignoli_1975c/Deeleman-Reinhold/Thaler_1982b//Gasparo_2000b	no	Troglophile	Sheet	1	1	0	1	0	Soil + Wall	Fully	0	0	0	2,5	3,2	2,5	3,1	2,85	2,8	0,982	2,825	1,2	1,2	1,2	0,87	0,96	0,915	1,311	NA	NA	NA	NA	2,05	2,25	2,15	0,761	2,25	2,42	2,335	0,827	NA	NA	NA	NA	NA	NA	0,045	Present	NA	0,06	0,07	NA	NA	0,05	1	0	0	0	1	1	0	0	0	0	1
Linyphiidae	Troglohyphantes	diabolicus	Troglohyphantes diabolicus	urn:lsid:nmbe.ch:spidersp:013038	Deeleman-Reinhold	1978	0	Slovenia	small mammals burrows: MSS	Deeleman-Reinhold C L (1978b) Revision of the cave-dwelling and related spiders of the genus Troglohyphantes Joseph (Linyphiidae), with special reference to the yugoslav species. Slovenska Akademija Znanosti in Umetnosti, Razred za Prirodoslovne Vede, Classis IV, Historia Naturalis (Prirod. Vede) 23: 1-220	yes	Troglophile	Sheet	0	1	1	1	0	Soil + Wall	Variable	0	0	0	NA	3,36	NA	2,93	3,36	2,93	0,872	3,145	1,09	1,115	1,103	0,915	1,015	0,965	1,142	NA	NA	NA	NA	1,92	1,94	1,93	0,614	2,3	NA	2,3	0,731	NA	NA	NA	NA	NA	NA	0,05	Present	NA	0,058	0,055	NA	NA	0,055	1	0	0	0	1	1	0	0	0	0	1
Linyphiidae	Troglohyphantes	gamsi	Troglohyphantes gamsi	urn:lsid:nmbe.ch:spidersp:013051	Deeleman-Reinhold	1978	0	Slovenia	-	Deeleman-Reinhold_1978b	no	Troglophile	Sheet	0	1	0	1	0	Soil	Partly	0	0	0	NA	2,6	NA	2,4	2,6	2,4	0,923	2,5	1,2	1,06	1,13	0,96	0,86	0,91	1,242	0,38	0,38	0,38	0,336	2,3	2,64	2,47	0,988	2,45	NA	2,45	0,98	NA	NA	NA	NA	NA	NA	0,055	Present	NA	0,068	0,07	NA	NA	0,025	1	0	0	0	1	1	0	0	0	0	1
Linyphiidae	Troglohyphantes	gracilis	Troglohyphantes gracilis	urn:lsid:nmbe.ch:spidersp:013055	Fage	1919	0	Slovenia	-	Deeleman-Reinhold_1978b	no	Troglobiont	Sheet	1	1	0	0	0	Soil + Wall	Depigmented	0	0	0	2,98	3,82	NA	3,12	3,4	3,12	0,918	3,26	1,44	1,34	1,39	1,06	1,2	1,13	1,23	NA	NA	NA	NA	2,815	2,93	2,873	0,881	2,92	3,12	3,02	0,926	NA	NA	NA	NA	NA	NA	0,055	Present	NA	0,07	0,07	NA	NA	0,05	1	0	0	0	1	1	0	0	0	0	0
Linyphiidae	Troglohyphantes	spinipes	Troglohyphantes spinipes	urn:lsid:nmbe.ch:spidersp:013116	Fage	1919	0	Slovenia	unspecified if Deep or Entrance, howewer in caves	Fage_1919/Kratochvíl_1934/Deeleman-Reinhold_1978b	yes	Troglophile	Sheet	0	1	0	0	0	Soil + Wall	Partly	0	0	0	2,7	3,9	NA	3,6	3,3	3,6	1,091	3,45	1,49	1,44	1,465	1,34	1,2	1,27	1,154	NA	NA	NA	NA	2,665	2,965	2,815	0,816	2,98	3,26	3,12	0,904	NA	NA	NA	NA	NA	NA	0,055	Present	NA	0,08	0,07	NA	NA	0,058	1	0	0	0	1	1	0	0	0	0	0
Linyphiidae	Troglohyphantes	affinis	Troglohyphantes affinis	urn:lsid:nmbe.ch:spidersp:013007	Kulczynski	1914	1	Croatia, Bosnia and Herzegovina	Croatian Biospeleological Society collection: mesured sample CBSSAR 188 female	Deeleman-Reinhold, C. L. (1978b). Revision of the cave-dwelling and related spiders of the genus Troglohyphantes Joseph (Linyphiidae), with special reference to the Yugoslav species. Slovenska Akademija Znanosti in Umetnosti, Razred za Prirodoslovne Vede, Classis IV, Historia Naturalis (Prirod. Vede) 23: 1-220.; Kratochvil_1934/Fage_1919/Kulczyński, W. (1914). Aranearum species novae minusve cognitae, in montibus Kras dictis a Dre C. Absolon aliisque collectae. Bulletin International de l'Academie des Sciences de Cracovie 1914: 353-387, pl. 16.	no	Troglobiont	Sheet	1	0	0	0	0	Soil + Wall	Depigmented	1	0	0	2,37	2,87	2,1	2,25	2,62	2,175	0,83	2,398	1,04	0,95	0,995	0,84	0,72	0,78	1,276	0,386	NA	NA	NA	2,115	2,06	2,088	0,871	2,12	2,16	2,14	0,893	0,412	NA	NA	NA	NA	NA	NA	Absent_Adaptation	NA	NA	NA	NA	NA	NA	1	0	0	0	1	1	0	0	0	0	0
Linyphiidae	Troglohyphantes	fallax	Troglohyphantes fallax	urn:lsid:nmbe.ch:spidersp:013047	Deeleman-Reinhold	1978	0	Bosnia and Herzegovina	unspecified if Deep or Entrance, howewer in caves	Deeleman-Reinhold_1978b	no	Troglobiont	Sheet	1	1	0	0	0	Soil + Wall	Depigmented	1	0	0	NA	3,12	NA	2,78	3,12	2,78	0,891	2,95	1,2	1,3	1,25	1,06	1,2	1,13	1,106	NA	NA	NA	NA	2,74	2,78	2,76	0,936	2,88	3,12	3	1,017	NA	NA	NA	NA	NA	NA	NA	Absent_Adaptation	NA	NA	NA	NA	NA	NA	1	0	0	0	1	1	0	0	0	0	0
Linyphiidae	Troglohyphantes	fugax	Troglohyphantes fugax	urn:lsid:nmbe.ch:spidersp:013049	Kulczynski	1914	1	Bosnia and Herzegovina	unspecified if Deep or Entrance, howewer in caves; Croatian Biospeleological Society collection: measured samples CBSSAR 791 female	Kulczyński_1914/Fage_1919/Deeleman-Reinhold_1978b	no	Troglobiont	Sheet	1	1	0	0	0	Soil + Wall	Depigmented	1	0	0	2,2	4,12	NA	NA	3,16	NA	NA	3,16	1,54	1,45	1,495	1,295	1,18	1,238	1,208	0,506	NA	NA	NA	3,02	2,65	2,835	0,897	3,085	2,82	2,953	0,934	0,363	NA	NA	NA	NA	NA	NA	Absent_Adaptation	NA	NA	NA	NA	NA	NA	1	0	0	0	1	1	0	0	0	0	0
Linyphiidae	Troglohyphantes	lesserti	Troglohyphantes lesserti	urn:lsid:nmbe.ch:spidersp:013072	Kratochvi­l	1935	0	Montenegro	record for Bosnia and Herzegovina is probably wrong; Croatian Biospeleological Society collections CBSSAR 6109 female & 5093 male	Kratochvíl, J. (1935c). Araignées cavernicoles de Krivošije. Práce Moravské Přírodovědecké Společnosti 9(12): 1-25. ;Deeleman-Reinhold_1978b	no	Troglobiont	Sheet	1	1	0	0	0	Soil + Wall	Depigmented	1	0	0	3,36	4,2	3,5	3,84	3,53	3,67	1,04	3,6	1,44	1,78	1,61	1,34	1,3	1,32	1,22	0,329	0,357	NA	NA	3,416	3,12	3,268	0,908	3,614	3,45	3,532	0,981	0,245	0,258	NA	NA	NA	NA	NA	Absent_Adaptation	NA	NA	NA	NA	NA	NA	1	0	0	0	1	1	0	0	0	0	0
Linyphiidae	Troglohyphantes	liburnicus	Troglohyphantes liburnicus	urn:lsid:nmbe.ch:spidersp:013074	Caporiacco	1927	0	Croatia	Croatian Biospeleological Society collection: measured samples CBSSAR 2635 male & 6609 female	Caporiacco, L. di (1927a). Alcuni ragni del Carso liburnico. Bollettino della Società Entomologica Italiana 59: 41-45.; Deeleman-Reinhold_1978b	yes	Troglobiont	Sheet	1	1	0	0	0	Soil + Wall	Depigmented	1	0	1	4,5	4,9	3,698	4,32	4,7	4,32	0,919	4,51	2,08	2,06	2,07	1,78	1,68	1,73	1,197	0,503	0,606	NA	NA	4,2	4,32	4,26	0,945	4,9	4,61	4,755	1,054	0,382	0,417	NA	NA	NA	NA	NA	Absent_Adaptation	NA	NA	NA	NA	NA	NA	1	0	0	0	1	1	0	0	0	0	0
Linyphiidae	Troglohyphantes	pugnax	Troglohyphantes pugnax	urn:lsid:nmbe.ch:spidersp:013097	Deeleman-Reinhold	1978	0	Bosnia and Herzegovina	unspecified if Deep or Entrance, howewer in caves; Croatian Biospeleological Society collection: measured samples CBSSAR 5348 female & 5345 male	Deeleman-Reinhold_1978b	no	Troglobiont	Sheet	1	1	0	0	0	Soil + Wall	Depigmented	1	0	1	3,111	3,84	3,354	3,41	3,84	3,41	0,888	3,625	1,44	1,58	1,51	1,2	1,53	1,365	1,106	0,452	0,537	NA	NA	3,26	3,55	3,405	0,939	3,22	3,65	3,435	0,948	0,255	0,346	NA	NA	NA	NA	NA	Absent_Adaptation	NA	NA	NA	NA	NA	NA	1	0	0	0	1	1	0	0	0	0	0
Linyphiidae	Troglohyphantes	roberti	Troglohyphantes roberti	urn:lsid:nmbe.ch:spidersp:013102	Deeleman-Reinhold	1978	0	Croatia	Croatian Biospeleological Society collection: measured samples CBSSAR 5266 male & female	Deeleman-Reinhold_1978b	no	Troglobiont	Sheet	1	1	0	0	0	Soil + Wall	Depigmented	1	0	1	3,807	5,28	3,468	5	5,28	5	0,947	5,14	1,667	1,803	1,735	1,554	1,58	1,567	1,107	0,517	0,512	NA	NA	4,51	4,56	4,535	0,882	4,51	4,8	4,655	0,906	0,338	0,38	NA	NA	NA	NA	NA	Absent_Adaptation	NA	NA	NA	NA	NA	NA	1	0	0	0	1	1	0	0	0	0	0
Linyphiidae	Troglohyphantes	salax	Troglohyphantes salax	urn:lsid:nmbe.ch:spidersp:013106	Kulczynski	1914	1	Bosnia and Herzegovina	unspecified if Deep or Entrance, howewer in caves; Croatian Biospeleological Society collection: measured samples CBSSAR 3689 male & 4454 female; record for Croatia is wrong	Kulczyński_1914/Fage_1919/Kratochvíl_1934/Deeleman-Reinhold_1978b	no	Troglobiont	Sheet	1	0	0	0	0	Soil + Wall	Depigmented	1	0	0	2,5	2,9	2,88	3,24	2,7	3,05	1,13	2,875	1,17	1,39	1,28	0,93	1,245	1,088	1,177	0,38	0,532	0,456	0,356	2,215	2,715	2,465	0,857	2,27	2,845	2,558	0,89	0,268	0,351	NA	NA	NA	NA	NA	Absent_Adaptation	NA	NA	NA	NA	NA	NA	1	0	0	0	1	1	0	0	0	0	0
Linyphiidae	Troglohyphantes	strandi	Troglohyphantes strandi	urn:lsid:nmbe.ch:spidersp:013117	Absolon & Kratochvi­l	1932	0	Croatia	Croatian Biospeleological Society collection: measured samples CBSSAR 7000 female & 6361 male	Absolon&Kratochvíl_1932/Kratochvíl_1934/Deeleman-Reinhol_ 1978b	no	Troglobiont	Sheet	1	0	0	0	0	Soil + Wall	Depigmented	1	0	1	3,26	3,6	3,307	3,6	3,74	3,6	0,963	3,67	1,44	1,53	1,485	1,25	1,44	1,345	1,104	0,443	0,5	NA	NA	3,15	3,26	3,205	0,873	3,285	3,5	3,393	0,924	0,301	0,327	NA	NA	NA	NA	NA	Absent_Adaptation	NA	NA	NA	NA	NA	NA	1	0	0	0	1	1	0	0	0	0	0
Linyphiidae	Troglohyphantes	adjaricus	Troglohyphantes adjaricus	urn:lsid:nmbe.ch:spidersp:013006	Tanasevitch	1987	0	Caucasus (Russia, Georgia)	-	Tanasevitch_1987	yes	Troglophile	Sheet	0	0	0	1	0	Soil + Wall	Depigmented	0	0	1	NA	NA	NA	2,5	NA	2,5	NA	2,5	NA	1,15	NA	NA	0,95	0,95	NA	NA	NA	NA	NA	NA	1,8	NA	NA	NA	2	2	0,8	NA	NA	NA	NA	NA	NA	NA	Present	NA	NA	NA	NA	NA	NA	1	0	0	0	1	1	0	0	0	0	0
Linyphiidae	Troglohyphantes	affirmatus	Troglohyphantes affirmatus	urn:lsid:nmbe.ch:spidersp:013008	Simon	1913	1	Spain	-	Fage1919/Simon1913	no	Troglobiont	Sheet	1	0	0	0	0	Soil + Wall	Depigmented	0	0	1	3,5	4	NA	NA	3,75	NA	NA	3,75	NA	NA	NA	NA	NA	NA	NA	NA	NA	NA	NA	2,39	NA	NA	NA	2,37	NA	2,37	0,632	NA	NA	NA	NA	NA	NA	NA	Present	NA	NA	NA	NA	NA	NA	1	0	0	0	1	1	0	0	0	0	0
Linyphiidae	Troglohyphantes	albopictus	Troglohyphantes albopictus	urn:lsid:nmbe.ch:spidersp:013009	Pesarini	1989	0	Italy	-	Pesarini_1989/Pesarini_2001b	no	Troglophile	Sheet	0	0	0	1	0	Soil + Wall	Fully	0	0	1	NA	NA	3,9	3,9	NA	3,9	NA	3,9	NA	1,6	1,6	NA	1,4	1,4	1,143	NA	NA	NA	NA	NA	3,4	NA	NA	NA	3,7	3,7	0,949	NA	NA	NA	NA	NA	NA	NA	Present	NA	NA	NA	NA	NA	NA	1	0	0	0	1	1	0	0	0	0	0
Linyphiidae	Troglohyphantes	alluaudi	Troglohyphantes alluaudi	urn:lsid:nmbe.ch:spidersp:013010	Fage	1919	0	Spain	-	Fage1919/Deeleman_Reinhold_1978b	yes	Troglophile	Sheet	1	0	0	1	0	Soil + Wall	Depigmented	0	0	0	NA	3,7	NA	3,5	3,7	3,5	0,946	3,6	NA	NA	NA	NA	NA	NA	NA	NA	NA	NA	NA	2,9	2,8	2,85	0,792	2,9	3,06	2,98	0,828	NA	NA	NA	NA	NA	NA	NA	Present	NA	NA	NA	NA	NA	NA	1	0	0	0	1	1	0	0	0	0	1
Linyphiidae	Troglohyphantes	balazuci	Troglohyphantes balazuci	urn:lsid:nmbe.ch:spidersp:013011	Dresco	1956	0	France	unspecified if Deep or Entrance, howewer in caves	Dresco_1956b	no	Troglobiont	Sheet	1	1	0	0	0	Soil + Wall	Depigmented	0	0	1	NA	3,5	NA	NA	3,5	NA	NA	3,5	NA	NA	NA	NA	NA	NA	NA	NA	NA	NA	NA	NA	NA	NA	NA	NA	NA	NA	NA	NA	NA	NA	NA	NA	NA	NA	Present	NA	NA	NA	NA	NA	NA	1	0	0	0	1	1	0	0	0	0	0
Linyphiidae	Troglohyphantes	birsteini	Troglohyphantes birsteini	urn:lsid:nmbe.ch:spidersp:013012	Charitonov	1947	0	Caucasus (Russia, Georgia)	Lingua russa	Charitov_1947b/Pichka_1965	no	Troglobiont	Sheet	1	0	0	0	0	Soil + Wall	Depigmented	0	0	1	NA	NA	NA	NA	NA	NA	NA	3	2,15	2,13	2,14	1,8	1,8	1,8	1,189	NA	1,75	NA	NA	4,9	5,2	5,05	1,683	5,3	5,38	5,34	1,78	NA	NA	NA	NA	NA	NA	NA	Present	NA	NA	NA	NA	NA	NA	1	0	0	0	1	1	0	0	0	0	0
Linyphiidae	Troglohyphantes	bolivarorum	Troglohyphantes bolivarorum	urn:lsid:nmbe.ch:spidersp:013013	Machado	1939	0	Spain	-	Machado_1939/Barrientos_et_al_2014	yes	Troglophile	Sheet	1	1	0	1	0	Soil + Wall	Variable	0	0	1	NA	3,5	NA	3,5	3,5	3,5	1	3,5	NA	1,32	1,32	NA	1,03	1,03	1,282	NA	NA	NA	NA	NA	2,16	NA	NA	NA	2,26	2,26	0,646	NA	NA	NA	NA	NA	NA	NA	Present	NA	NA	NA	NA	NA	NA	1	0	0	0	1	1	0	0	0	0	0
Linyphiidae	Troglohyphantes	bureschianus	Troglohyphantes bureschianus	urn:lsid:nmbe.ch:spidersp:013019	Deltshev	1975	0	Bulgaria	-	Deltshev_1975a	no	Troglobiont	Sheet	1	0	0	0	0	Soil + Wall	Depigmented	0	0	0	NA	2,59	NA	2,45	2,59	2,45	0,946	2,52	1,01	1,15	1,08	0,86	1,01	0,935	1,155	NA	NA	NA	NA	1,5	1,73	1,615	0,641	1,64	NA	1,64	0,651	NA	NA	NA	0,17	0,25	0,21	NA	Present	NA	NA	NA	NA	NA	NA	1	0	0	0	1	1	0	0	0	0	0
Linyphiidae	Troglohyphantes	caecus	Troglohyphantes caecus	urn:lsid:nmbe.ch:spidersp:013020	Fage	1919	0	France	-	Fage_1919/Dresco_1956b	no	Troglobiont	Sheet	1	0	0	0	0	Soil + Wall	Depigmented	0	1	0	NA	3	NA	2,7	3	2,7	0,9	2,85	NA	NA	NA	NA	NA	NA	NA	NA	NA	NA	NA	2,53	2,7	2,615	0,918	2,64	2,85	2,745	0,963	NA	NA	NA	NA	NA	NA	NA	Present	NA	NA	NA	NA	NA	NA	1	0	0	0	1	1	0	0	0	0	0
Linyphiidae	Troglohyphantes	cantabricus	Troglohyphantes cantabricus	urn:lsid:nmbe.ch:spidersp:013022	Simon	1911	0	Spain	-	Simon_1911a/Fage_1919/ Fernández-Pérez_Castro_&_Prieto_2014	no	Troglobiont	Sheet	1	0	0	0	0	Soil + Wall	Depigmented	0	1	0	3,5	6	NA	5	4,75	5	1,053	4,875	NA	NA	NA	NA	NA	NA	NA	NA	NA	NA	NA	2,2	NA	2,2	0,451	2,2	NA	2,2	0,451	NA	NA	NA	NA	NA	NA	NA	Present	NA	NA	NA	NA	NA	NA	1	0	0	0	1	1	0	0	0	0	0
Linyphiidae	Troglohyphantes	caporiaccoi	Troglohyphantes caporiaccoi	urn:lsid:nmbe.ch:spidersp:013023	Brignoli	1971	0	Italy	-	brignoli_1971_d	no	Troglobiont	Sheet	1	0	0	0	0	Soil + Wall	Depigmented	0	1	0	NA	2,5	NA	2,4	2,5	2,4	0,96	2,45	1	1	1	0,75	0,8	0,775	1,29	NA	NA	NA	NA	1,75	1,7	1,725	0,704	1,9	1,75	1,825	0,745	NA	NA	NA	NA	NA	NA	NA	Present	NA	NA	NA	NA	NA	NA	1	0	0	0	1	1	0	0	0	0	0
Linyphiidae	Troglohyphantes	cavadinii	Troglohyphantes cavadinii	urn:lsid:nmbe.ch:spidersp:013025	Pesarini	1989	0	Italy	-	Pesarini_1989	no	Troglobiont	Sheet	1	0	0	0	0	Soil + Wall	Depigmented	0	1	1	NA	NA	NA	NA	NA	NA	NA	2	NA	1,07	1,07	NA	0,93	0,93	1,151	NA	NA	NA	NA	NA	2,14	2,14	1,07	NA	2,26	2,26	1,13	NA	NA	NA	NA	NA	NA	NA	Present	NA	NA	NA	NA	NA	NA	1	0	0	0	1	1	0	0	0	0	0
Linyphiidae	Troglohyphantes	cerberus	Troglohyphantes cerberus	urn:lsid:nmbe.ch:spidersp:013026	Simon	1884	1	Spain, France	unspecified if Deep or Entrance, howewer in caves.	Simon_1884a/Fage_1919	no	Troglophile	Sheet	1	1	0	1	0	Soil + Wall	Variable	0	0	1	3	6,1	NA	NA	4,55	NA	NA	4,55	2,5	2,4	2,45	NA	NA	NA	NA	NA	NA	NA	NA	2	NA	NA	NA	2,14	NA	2,14	0,47	NA	NA	NA	NA	NA	NA	NA	Present	NA	NA	NA	NA	NA	NA	1	0	0	0	1	1	0	0	0	0	1
Linyphiidae	Troglohyphantes	charitonovi	Troglohyphantes charitonovi	urn:lsid:nmbe.ch:spidersp:013027	Tanasevitch	1987	0	Caucasus (Russia, Georgia)	-	Tanasevitch_1987	no	Troglophile	Sheet	0	0	0	1	0	Soil + Wall	Fully	0	0	0	NA	3,5	NA	2,8	3,5	2,8	0,8	3,15	1,4	1,25	1,325	1,15	1	1,075	1,233	NA	NA	NA	NA	1,9	1,75	1,825	0,579	2,1	2,15	2,125	0,675	NA	NA	NA	0,25	0,2	0,225	NA	Present	NA	NA	NA	NA	NA	NA	1	0	0	0	1	1	0	0	0	0	0
Linyphiidae	Troglohyphantes	comottii	Troglohyphantes comottii	urn:lsid:nmbe.ch:spidersp:013029	Pesarini	1989	0	Italy	unspecified if Deep or Entrance, howewer in caves	Pesarini_1989	no	Troglobiont	Sheet	1	1	0	0	0	Soil + Wall	Depigmented	0	1	0	NA	NA	NA	NA	NA	NA	NA	1,8	NA	1,14	NA	NA	0,95	0,95	NA	NA	NA	NA	NA	NA	1,67	1,67	0,928	NA	1,79	1,79	0,994	NA	NA	NA	NA	NA	NA	NA	Present	NA	NA	NA	NA	NA	NA	1	0	0	0	1	1	0	0	0	0	0
Linyphiidae	Troglohyphantes	deelemanae	Troglohyphantes deelemanae	urn:lsid:nmbe.ch:spidersp:013035	Tanasevitch	1987	0	Georgia	-	Tanasevitch_1987	yes	Troglophile	Sheet	0	1	0	0	0	Soil + Wall	Fully	0	0	0	4,35	4,35	4,22	4,22	4,35	4,22	0,97	4,285	1,8	1,85	1,825	1,35	1,45	1,4	1,304	NA	NA	NA	NA	2,55	2,65	2,6	0,607	2,7	2,7	2,7	0,63	NA	NA	NA	NA	NA	NA	NA	Present	NA	NA	NA	NA	NA	NA	1	0	0	0	1	1	0	0	0	0	0
Linyphiidae	Troglohyphantes	diurnus	Troglohyphantes diurnus	urn:lsid:nmbe.ch:spidersp:013040	Kratochvi­l	1932	0	Austria, Slovenia, Croatia	-	Kratochvíl J (1932a) Prispevek k poznání Araneid stredni Slavonie. Sborník Vysoké Školy Zemědělské, Brno (C) 23: 1-16; Kratochvíl, J. (1934). Liste generale des Araignees cavernicoles en Yougoslavie. Prirodopis Životinjstva, 2, 165–226.	no	Troglophile	Sheet	0	1	0	1	0	Soil + Wall	Partly	0	0	1	2,75	3,1	NA	NA	3,1	NA	NA	3,1	1,2	NA	NA	NA	NA	NA	NA	NA	NA	NA	NA	2,14	NA	NA	NA	2,38	NA	NA	NA	NA	NA	NA	NA	NA	NA	NA	Present	NA	NA	NA	NA	NA	NA	1	0	0	0	1	1	0	0	0	0	1
Linyphiidae	Troglohyphantes	drenskii	Troglohyphantes drenskii	urn:lsid:nmbe.ch:spidersp:013043	Deltshev	1973	0	Bulgaria	unspecified if Deep or Entrance, howewer in caves	 Deltshev_1973a	yes	Troglobiont	Sheet	1	1	0	0	0	Soil + Wall	Depigmented	0	1	1	NA	2,93	NA	2,47	2,93	2,47	0,843	2,7	1,28	1,09	1,185	1,09	1,01	1,05	1,129	NA	NA	NA	NA	1,83	1,74	1,785	0,661	1,92	1,83	1,875	0,694	NA	NA	NA	0,24	0,24	0,24	NA	Present	NA	NA	NA	NA	NA	NA	1	0	0	0	1	1	0	0	0	0	0
Linyphiidae	Troglohyphantes	furcifer	Troglohyphantes furcifer	urn:lsid:nmbe.ch:spidersp:013050	Simon	1884	1	Spain	unspecified if Deep or Entrance, howewer in caves	Simon_1884a/Fage_1919	no	Troglophile	Sheet	1	1	0	1	0	Soil + Wall	Partly	0	0	0	NA	3,5	NA	3,5	3,5	3,5	1	3,5	2,6	2,8	2,7	NA	NA	NA	NA	NA	NA	NA	NA	2	NA	2	0,571	2,2	NA	2,2	0,629	NA	NA	NA	NA	NA	NA	NA	Present	NA	NA	NA	NA	NA	NA	1	0	0	0	1	1	0	0	0	0	1
Linyphiidae	Troglohyphantes	gladius	Troglohyphantes gladius	urn:lsid:nmbe.ch:spidersp:013054	Wunderlich	1995	0	Turkey	-	Wunderlich_1995t	no	Troglophile	Sheet	0	1	0	1	0	Soil + Wall	Fully	0	0	0	NA	NA	NA	2,2	NA	2,2	NA	2,2	NA	1,05	NA	NA	0,95	0,95	NA	NA	NA	NA	NA	NA	1,8	1,8	0,818	NA	NA	NA	NA	NA	NA	NA	NA	NA	NA	NA	Present	NA	NA	NA	NA	NA	NA	1	0	0	0	1	1	0	0	0	0	0
Linyphiidae	Troglohyphantes	gregori	Troglohyphantes gregori	urn:lsid:nmbe.ch:spidersp:013056	Miller	1947	1	Czechia	-	Miller_1947/Buchar&Růžička_2002	yes	Troglophile	Sheet	0	1	0	1	0	Soil + Wall	Fully	0	0	0	NA	NA	NA	NA	NA	NA	NA	2	1,2	NA	NA	1	NA	1	NA	NA	NA	NA	NA	1,8	NA	1,8	0,9	1,8	NA	1,8	0,9	NA	NA	NA	NA	NA	NA	NA	Present	NA	0,08	NA	NA	NA	NA	1	0	0	0	1	1	0	0	0	0	0
Linyphiidae	Troglohyphantes	helsdingeni	Troglohyphantes helsdingeni	urn:lsid:nmbe.ch:spidersp:013058	Deeleman-Reinhold	1978	0	Austria, Slovenia	small mammals burrows: MSS	Deeleman-Reinhold_1978b	no	Troglophile	Sheet	0	0	1	0	0	Soil + Wall	Partly	0	0	0	2,5	2,69	2,2	2,4	2,295	2,3	1,002	2,298	1,06	1,15	1,105	0,82	1	0,91	1,214	NA	NA	NA	NA	1,58	1,68	1,63	0,709	NA	NA	NA	NA	NA	NA	NA	NA	NA	NA	NA	Present	NA	NA	NA	NA	NA	NA	1	0	0	0	1	1	0	0	0	0	0
Linyphiidae	Troglohyphantes	henroti	Troglohyphantes henroti	urn:lsid:nmbe.ch:spidersp:013059	Dresco	1956	0	France	unspecified if Deep or Entrance, howewer in caves.	Dresco_1956b	no	Troglophile	Sheet	1	1	0	1	0	Soil + Wall	Depigmented	0	1	1	NA	4	NA	NA	4	NA	NA	4	NA	NA	NA	NA	NA	NA	NA	NA	NA	NA	NA	2,7	2,85	2,775	0,694	3	2,94	2,97	0,743	NA	NA	NA	NA	NA	NA	NA	Present	NA	NA	NA	NA	NA	NA	1	0	0	0	1	1	0	0	0	0	0
Linyphiidae	Troglohyphantes	juris	Troglohyphantes juris	urn:lsid:nmbe.ch:spidersp:013065	Thaler	1982	0	Italy	unspecified if Deep or Entrance, howewer in caves	Thaler_1982b/Pesarini_1989	no	Troglobiont	Sheet	1	1	0	0	0	Soil + Wall	Depigmented	0	1	0	2,5	3	2,5	3	2,75	2,75	1	2,75	1,115	1,115	1,115	0,905	0,905	0,905	1,232	NA	NA	NA	NA	NA	NA	NA	NA	NA	NA	NA	NA	NA	NA	NA	NA	NA	NA	NA	Present	NA	NA	NA	NA	NA	NA	1	0	0	0	1	1	0	0	0	0	0
Linyphiidae	Troglohyphantes	karolianus	Troglohyphantes karolianus	urn:lsid:nmbe.ch:spidersp:042155	Topcu et al.	2008	0	Turkey	-	Topçu_Türkeş&Seyyar_2008	yes	Troglobiont	Sheet	1	0	0	0	0	Soil + Wall	Depigmented	0	1	0	NA	2,72	NA	2,11	2,72	2,11	0,776	2,415	1,1	0,96	1,03	0,94	0,9	0,92	1,12	NA	NA	NA	NA	2,37	2,24	2,305	0,954	2,5	2,37	2,435	1,008	NA	NA	NA	0,22	0,24	0,23	NA	Present	NA	NA	NA	NA	NA	NA	1	0	0	0	1	1	0	0	0	0	0
Linyphiidae	Troglohyphantes	latzeli	Troglohyphantes latzeli	urn:lsid:nmbe.ch:spidersp:013071	Thaler	1986	0	Austria	-	Thaler_1986b	yes	Troglophile	Sheet	0	0	0	1	0	Soil + Wall	Depigmented	0	0	0	NA	2,4	NA	2,7	2,4	2,7	1,125	2,55	1,05	1,2	1,125	0,94	1,03	0,985	1,142	NA	NA	NA	NA	1,65	1,83	1,74	0,682	NA	NA	NA	NA	NA	NA	NA	NA	NA	NA	NA	Present	NA	NA	NA	NA	NA	NA	1	0	0	0	1	1	0	0	0	0	0
Linyphiidae	Troglohyphantes	lessinensis	Troglohyphantes lessinensis	urn:lsid:nmbe.ch:spidersp:013073	Caporiacco	1936	0	Italy	-	Caporiacco_1936d/Caporiacco_1948b/Thaler_1967/Brignoli_1971d/Brignoli_1979o/Gasparo_2000b	yes	Troglophile	Sheet	1	1	0	1	0	Soil + Wall	Variable	0	0	0	2,84	3,516	3	3,45	3,178	3,225	1,015	3,202	1,2	1,45	1,325	1	1,1	1,05	1,262	NA	NA	NA	NA	2,6	2,65	2,625	0,82	2,9	2,1	2,5	0,781	NA	NA	NA	NA	NA	NA	NA	Present	NA	NA	NA	NA	NA	NA	1	0	0	0	1	1	0	0	0	0	1
Linyphiidae	Troglohyphantes	marqueti	Troglohyphantes marqueti	urn:lsid:nmbe.ch:spidersp:013076	Simon	1884	1	Spain, France	unspecified if Deep or Entrance, howewer in caves	Simon_1884a/Fage_1919	no	Troglophile	Sheet	1	1	0	1	0	Soil + Wall	Partly	0	0	0	NA	4	NA	NA	4	NA	NA	4	2,3	2,2	2,25	NA	NA	NA	NA	NA	NA	NA	NA	3,34	NA	3,34	0,835	3,52	NA	3,52	0,88	NA	NA	NA	NA	NA	NA	NA	Present	NA	NA	NA	NA	NA	NA	1	0	0	0	1	1	0	0	0	0	1
Linyphiidae	Troglohyphantes	montanus	Troglohyphantes montanus	urn:lsid:nmbe.ch:spidersp:013080	Absolon & Kratochvi­l	1932	0	Bosnia and Herzegovina	-	Absolon&Kratochvíl_1932/Kratochvíl_1934	yes	Troglophile	Sheet	1	1	0	1	0	Soil + Wall	Depigmented	0	0	1	NA	NA	NA	2,9	NA	2,9	NA	2,9	NA	NA	NA	NA	NA	NA	NA	NA	NA	NA	NA	NA	1,63	NA	NA	NA	1,77	1,77	0,61	NA	NA	NA	NA	NA	NA	NA	Present	NA	NA	NA	NA	NA	NA	1	0	0	0	1	1	0	0	0	0	1
Linyphiidae	Troglohyphantes	noricus	Troglohyphantes noricus	urn:lsid:nmbe.ch:spidersp:013082	Thaler & Polenec	1974	1	Germany, Austria	-	Thaler&Polenec_1974	no	Troglophile	Sheet	0	0	1	1	0	Soil + Wall	Fully	0	0	0	NA	3,5	NA	3,3	3,5	3,3	0,943	3,4	1,57	1,58	1,575	1,11	1,25	1,18	1,335	NA	NA	NA	NA	1,93	2,2	2,065	0,607	2	2,42	2,21	0,65	NA	NA	NA	NA	NA	NA	NA	Present	NA	NA	NA	NA	NA	NA	1	0	0	0	1	1	0	0	0	0	0
Linyphiidae	Troglohyphantes	novicordis	Troglohyphantes novicordis	urn:lsid:nmbe.ch:spidersp:013083	Thaler	1978	0	Austria	unspecified if Deep or Entrance, howewer in caves	Thaler_1978c	no	Troglophile	Sheet	1	1	0	1	0	Soil + Wall	Fully	0	0	0	2,6	3,8	NA	2,2	3,2	2,2	0,688	2,7	1,53	1,14	1,335	1,1	0,95	1,025	1,302	NA	NA	NA	NA	2	1,69	1,845	0,683	2,11	1,82	1,965	0,728	NA	NA	NA	NA	NA	NA	NA	Present	NA	NA	NA	NA	NA	NA	1	0	0	0	1	1	0	0	0	0	1
Linyphiidae	Troglohyphantes	nyctalops	Troglohyphantes nyctalops	urn:lsid:nmbe.ch:spidersp:013085	Simon	1911	0	Spain	unspecified if Deep or Entrance, howewer in caves	Simon_1911a/Fage_1919	no	Troglobiont	Sheet	1	1	0	0	0	Soil + Wall	Depigmented	0	1	1	3	5	NA	NA	4	4	1	4	NA	NA	NA	NA	NA	NA	NA	NA	NA	NA	NA	NA	NA	NA	NA	NA	NA	NA	NA	NA	NA	NA	NA	NA	NA	NA	Present	NA	NA	NA	NA	NA	NA	1	0	0	0	1	1	0	0	0	0	0
Linyphiidae	Troglohyphantes	orghidani	Troglohyphantes orghidani	urn:lsid:nmbe.ch:spidersp:013086	Dumitrescu & Georgescu	1977	0	Romania	-	Dumitrescu&Georgescu_1977	no	Troglobiont	Sheet	1	0	0	0	0	Soil + Wall	Depigmented	0	1	0	NA	2	NA	1,85	2	1,85	0,925	1,925	0,875	0,75	0,813	0,8	0,75	0,775	1,048	NA	NA	NA	NA	1,575	1,7	1,638	0,851	1,875	1,975	1,925	1	NA	NA	NA	NA	NA	NA	NA	Present	NA	NA	NA	NA	NA	NA	1	0	0	0	1	1	0	0	0	0	0
Linyphiidae	Troglohyphantes	pavesii	Troglohyphantes pavesii	urn:lsid:nmbe.ch:spidersp:013089	Pesarini	1988	0	Italy	-	Pesarini_1988c	yes	Troglophile	Sheet	0	0	0	1	0	Soil + Wall	Depigmented	0	0	1	NA	NA	NA	NA	NA	NA	NA	1,9	NA	1,26	1,26	NA	1,02	1,02	1,235	NA	NA	NA	NA	NA	1,79	NA	NA	NA	1,9	1,9	1	NA	NA	NA	NA	NA	NA	NA	Present	NA	NA	NA	NA	NA	NA	1	0	0	0	1	1	0	0	0	0	0
Linyphiidae	Troglohyphantes	phragmitis	Troglohyphantes phragmitis	urn:lsid:nmbe.ch:spidersp:013091	Simon	1884	1	France	-	Simon_1884a/Fage_1919	no	Troglophile	Sheet	0	0	1	1	0	Soil + Wall	Fully	0	0	1	2,3	5,5	NA	NA	3,9	NA	NA	3,9	2,25	1,75	2	NA	NA	NA	NA	NA	NA	NA	NA	1,87	NA	NA	NA	2,06	NA	2,06	0,528	NA	NA	NA	NA	NA	NA	NA	Present	NA	NA	NA	NA	NA	NA	1	0	0	0	1	1	0	0	0	0	0
Linyphiidae	Troglohyphantes	pisidicus	Troglohyphantes pisidicus	urn:lsid:nmbe.ch:spidersp:013092	Brignoli	1971	0	Turkey	unspecified if Deep or Entrance, howewer in caves	Brignoli_1971a	no	Troglobiont	Sheet	1	1	0	0	0	Soil + Wall	Depigmented	0	1	1	NA	2,1	NA	NA	2,1	NA	NA	2,1	0,85	NA	0,85	0,6	NA	0,6	1,417	NA	NA	NA	NA	1,87	NA	NA	NA	2,17	NA	2,17	1,033	NA	NA	NA	NA	NA	NA	NA	Present	NA	NA	NA	NA	NA	NA	1	0	0	0	1	1	0	0	0	0	0
Linyphiidae	Troglohyphantes	pumilio	Troglohyphantes pumilio	urn:lsid:nmbe.ch:spidersp:013098	Denis	1959	0	France	unspecified if Deep or Entrance, howewer in caves	Denis_1959a	no	Troglobiont	Sheet	1	1	0	0	0	Soil + Wall	Depigmented	0	1	1	NA	NA	NA	2,3	NA	2,3	NA	2,3	NA	1	1	NA	NA	NA	NA	NA	NA	NA	NA	NA	NA	NA	NA	NA	NA	NA	NA	NA	NA	NA	NA	NA	NA	NA	Present	NA	NA	NA	NA	NA	NA	1	0	0	0	1	1	0	0	0	0	0
Linyphiidae	Troglohyphantes	pyrenaeus	Troglohyphantes pyrenaeus	urn:lsid:nmbe.ch:spidersp:013099	Simon	1907	0	France	unspecified if Deep or Entrance, howewer in caves	Simon_1910a/Fage_1919	no	Troglobiont	Sheet	1	1	0	0	0	Soil + Wall	Depigmented	0	1	1	3,5	6	NA	NA	4,75	4,75	1	4,75	NA	NA	NA	NA	NA	NA	NA	NA	NA	NA	NA	3,41	3,41	NA	NA	3,67	NA	3,67	0,773	NA	NA	NA	NA	NA	NA	NA	Present	NA	NA	NA	NA	NA	NA	1	0	0	0	1	1	0	0	0	0	0
Linyphiidae	Troglohyphantes	regalini	Troglohyphantes regalini	urn:lsid:nmbe.ch:spidersp:013101	Pesarini	1989	0	Italy	unspecified if Deep or Entrance, howewer in caves	Pesarini_1989	yes	Troglobiont	Sheet	1	1	0	0	0	Soil + Wall	Depigmented	0	1	0	NA	NA	NA	NA	NA	NA	NA	1,8	NA	1,05	1,05	NA	0,9	0,9	1,167	NA	NA	NA	NA	NA	1,98	NA	NA	NA	2,14	2,14	1,189	NA	NA	NA	NA	NA	NA	NA	Present	NA	NA	NA	NA	NA	NA	1	0	0	0	1	1	0	0	0	0	0
Linyphiidae	Troglohyphantes	sciakyi	Troglohyphantes sciakyi	urn:lsid:nmbe.ch:spidersp:013109	Pesarini	1989	0	Italy	-	Pesarini_1989	no	Troglophile	Sheet	0	0	0	1	0	Soil + Wall	Fully	0	0	1	NA	NA	NA	NA	NA	NA	NA	2,1	NA	1,45	1,45	NA	1,1	1,1	1,318	NA	NA	NA	NA	NA	2,95	NA	NA	NA	3,14	3,14	1,495	NA	NA	NA	NA	NA	NA	NA	Present	NA	NA	NA	NA	NA	NA	1	0	0	0	1	1	0	0	0	0	0
Linyphiidae	Troglohyphantes	similis	Troglohyphantes similis	urn:lsid:nmbe.ch:spidersp:013111	Fage	1919	0	Slovenia	unspecified if Deep or Entrance, howewer in caves	Fage_1919	no	Troglobiont	Sheet	1	1	0	0	0	Soil + Wall	Partly	0	0	1	NA	2,5	NA	2,5	2,5	2,5	1	2,5	NA	NA	NA	NA	NA	NA	NA	NA	NA	NA	NA	2,04	NA	NA	NA	2,28	NA	2,28	0,912	NA	NA	NA	NA	NA	NA	NA	Present	NA	NA	NA	NA	NA	NA	1	0	0	0	1	1	0	0	0	0	0
Linyphiidae	Troglohyphantes	simoni	Troglohyphantes simoni	urn:lsid:nmbe.ch:spidersp:013112	Fage	1919	0	France	unspecified if Deep or Entrance, howewer in caves 	Fage_1920	yes	Troglobiont	Sheet	1	1	0	0	0	Soil + Wall	Depigmented	0	1	1	NA	3,5	NA	NA	3,5	NA	NA	3,5	NA	NA	NA	NA	NA	NA	NA	NA	NA	NA	NA	2,3	2,3	NA	NA	2,6	NA	2,6	0,743	NA	NA	NA	NA	NA	NA	NA	Present	NA	NA	NA	NA	NA	NA	1	0	0	0	1	1	0	0	0	0	0
Linyphiidae	Troglohyphantes	solitarius	Troglohyphantes solitarius	urn:lsid:nmbe.ch:spidersp:013114	Fage	1919	0	France	unspecified if Deep or Entrance, howewer in caves	Fage_1919	no	Troglobiont	Sheet	1	1	0	0	0	Soil + Wall	Partly	0	0	1	NA	NA	NA	3	NA	3	NA	3	NA	NA	NA	NA	NA	NA	NA	NA	NA	NA	NA	NA	2,09	NA	NA	NA	2,26	2,26	0,753	NA	NA	NA	NA	NA	NA	NA	Present	NA	NA	NA	NA	NA	NA	1	0	0	0	1	1	0	0	0	0	0
Linyphiidae	Troglohyphantes	spatulifer	Troglohyphantes spatulifer	urn:lsid:nmbe.ch:spidersp:038575	Pesarini	2001	0	Italy	unspecified if Deep or Entrance, howewer in caves	Pesarini_2001b	no	Troglophile	Sheet	1	1	0	1	0	Soil + Wall	Fully	0	0	1	NA	NA	NA	3	NA	3	NA	3	NA	1,3	NA	NA	1,2	1,2	NA	NA	NA	NA	NA	NA	1,8	NA	NA	NA	2	2	0,667	NA	NA	NA	NA	NA	NA	NA	Present	NA	NA	NA	NA	NA	NA	1	0	0	0	1	1	0	0	0	0	1
Linyphiidae	Troglohyphantes	subalpinus	Troglohyphantes subalpinus	urn:lsid:nmbe.ch:spidersp:013118	Thaler	1967	0	Germany, Austria, Slovenia	unspecified if Deep or Entrance, howewer in caves	Thaler_1967	yes	Troglophile	Sheet	0	1	0	1	0	Soil + Wall	Fully	0	0	0	NA	3	NA	2,6	3	2,6	0,867	2,8	1,15	1,12	1,135	1,04	NA	1,04	1,091	NA	NA	NA	NA	2,25	2,33	2,29	0,818	2,45	2,64	2,545	0,909	NA	NA	NA	NA	NA	NA	NA	Present	NA	NA	NA	NA	NA	NA	1	0	0	0	1	1	0	0	0	0	1
Linyphiidae	Troglohyphantes	tauriscus	Troglohyphantes tauriscus	urn:lsid:nmbe.ch:spidersp:013122	Thaler	1972	0	Austria	unspecified if Deep or Entrance, howewer in caves	Thaler_1982b 	no	Troglophile	Sheet	0	1	0	1	0	Soil + Wall	Fully	0	0	1	NA	2,8	NA	2,3	2,8	2,3	0,821	2,55	1,13	1,15	1,14	0,92	0,94	0,93	1,226	NA	NA	NA	NA	NA	2,01	NA	NA	NA	2,18	2,18	0,855	NA	NA	NA	NA	NA	NA	NA	Present	NA	NA	NA	NA	NA	NA	1	0	0	0	1	1	0	0	0	0	1
Linyphiidae	Troglohyphantes	trispinosus	Troglohyphantes trispinosus	urn:lsid:nmbe.ch:spidersp:013125	Miller & Polenec	1975	0	Slovenia	small mammals burrows: MSS	Miller & Polenec_1975b	yes	Troglophile	Sheet	0	0	1	0	0	Soil + Wall	Fully	0	0	0	NA	NA	NA	NA	NA	NA	NA	2	1	1,1	1,05	NA	NA	NA	NA	NA	NA	NA	NA	1,3	1,525	1,413	0,706	1,6	1,965	1,783	0,891	NA	NA	NA	NA	NA	NA	NA	Present	NA	NA	NA	NA	NA	NA	1	0	0	0	1	1	0	0	0	0	0
Linyphiidae	Troglohyphantes	turcicus	Troglohyphantes turcicus	urn:lsid:nmbe.ch:spidersp:047310	Topku et al.	2014	0	Turkey	unspecified if Deep or Entrance, howewer in caves	Topçu_et_al_2014	no	Troglobiont	Sheet	1	1	0	0	0	Soil + Wall	Depigmented	0	0	0	NA	3,5	NA	3	3,5	3	0,857	3,25	1,5	1	1,25	1,25	1,2	1,225	1,02	NA	NA	NA	NA	1,6	2	1,8	0,554	2	NA	2	0,615	NA	NA	NA	NA	NA	NA	NA	Present	NA	NA	NA	NA	NA	NA	1	0	0	0	1	1	0	0	0	0	0
Linyphiidae	Troglohyphantes	vicinus	Troglohyphantes vicinus	urn:lsid:nmbe.ch:spidersp:013128	Miller & Polenec	1975	0	Slovenia	small mammals burrows: MSS. 	Miller&Polenec_1975b/Deeleman-Reinhold_1978b	yes	Troglophile	Sheet	0	0	1	0	0	Soil + Wall	Partly	0	0	0	NA	2,35	NA	2,3	2,35	2,3	0,979	2,325	1,06	1,1	1,08	0,91	0,97	0,94	1,149	0,43	0,43	0,43	0,398	1,58	1,54	1,56	0,671	1,68	1,63	1,655	0,712	NA	NA	NA	NA	NA	NA	NA	Present	NA	NA	NA	NA	NA	NA	1	0	0	0	1	1	0	0	0	0	0
